subscription_id,account_id,plan_type,add_ons,start_date,monthly_cost,status
SUB000074,ACC00066,Pro,Large Meeting,2023-06-23,334,Active
SUB000416,ACC00031,Basic,,2022-04-22,152,Active
SUB000393,ACC00338,Enterprise,"Webinar,Cloud Recording",2023-12-29,N/A,ACTIVE
SUB000279,ACC00241,Enterprise,"Webinar,Cloud Recording",2022-04-14,1465,Trial
SUB000401,ACC00344,,,2022-08-03,1635,active
SUB000173,ACC00148,Pro,,16-09-2023,217,ACTIVE
SUB000396,ACC00341,Basic,,2023-02-20,,active
SUB000377,ACC00324,Enterprise,"Webinar,Cloud Recording",2022-01-19,1960,ACTIVE
SUB000078,ACC00069,enterprise,"Large Meeting,Cloud Recording",2023-07-23,309,ACTIVE
SUB000453,ACC00391,BASIC,,03/12/2022,467,ACTIVE
SUB000010,ACC00010,Enterprise,Cloud Recording,2022/12/02,454,ACTIVE
SUB000269,ACC00232,Pro,Cloud Recording,2022-03-30,276,ACTIVE
SUB000245,ACC00210,Pro,Webinar,2022-07-14,268,cancelled
SUB000300,ACC00259,Enterprise,"Webinar,Large Meeting",2023/07/20,780,active
SUB000031,ACC00030,Enterprise,Cloud Recording,12/01/2022,449,
SUB000094,ACC00082,Basic,,2024-01-24,0,active
SUB000056,ACC00052,Enterprise,"Webinar,Large Meeting",NULL,1856,ACTIVE
SUB000425,ACC00367,Pro,Webinar,2023-11-17,274,ACTIVE
SUB000034,ACC00032,Basic,,25-10-2022,159,active
SUB000204,ACC00176,Enterprise,"Large Meeting,Cloud Recording",2022/08/11,1769,active
SUB000181,ACC00153,Enterprise,"Webinar,Cloud Recording",2023-05-27,1649,ACTIVE
SUB000471,ACC99935,Enterprise,"Webinar,Large Meeting",2024-01-01,1431,Active
SUB000071,ACC00064,Basic,,23-05-2024,150,active
SUB000248,ACC00211,Basic,,05/20/2024,145,ACTIVE
SUB000105,ACC00090,Pro,,2024/04/23,180,active
SUB000476,ACC99902,Enterprise,"Webinar,Large Meeting",2024-06-19,1181,Active
SUB000409,ACC00352,Enterprise,"Webinar,Cloud Recording",06/19/2023,1167,active
SUB000323,ACC00277,Basic,,2024-02-12,124,active
SUB000303,ACC00260,Enterprise,Webinar | Cloud Recording,2022-06-24,1274,Active
SUB000001,ACC00018,Pro,,31-03-2022,359,Active
SUB000272,ACC00235,Enterprise,"Webinar,Cloud Recording",2022-04-02,941,ACTIVE
SUB000012,ACC00041,Pro,,30-09-2023,261,Active
SUB000281,ACC00241,Enterprise,"Webinar,Large Meeting,Cloud Recording",2023/10/12,1627,
SUB000308,ACC00047,Enterprise,"Large Meeting,Cloud Recording",,2082,cancelled
SUB000379,ACC00326,Enterprise,"webinar,large meeting,cloud recording",2022-02-25,2008,active
SUB000118,ACC00101,Basic,,2023/02/19,169,Active
SUB000394,ACC00339,Basic,,2022-04-10,165,ACTIVE
SUB000174,ACC00148,Pro,Cloud Recording,01/23/2023,332,active
SUB000473,ACC99919,Enterprise,"Webinar,Large Meeting",2024-04-24,822,Active
SUB000019,ACC00019,Pro,Cloud Recording,2022-05-11,356,Trial
SUB000334,ACC00287,Pro,Cloud Recording,NULL,293,active
SUB000186,ACC00158,Enterprise,Cloud Recording,2022-04-24,1207,ACTIVE
SUB000091,ACC00080,Basic,,18-02-2024,153,active
SUB000221,ACC00190,Enterprise,Large Meeting;Cloud Recording,27-03-2022,990,Active
SUB000040,ACC00037,Basic,,03/27/2022,138,ACTIVE
SUB000325,ACC00279,Pro,"Webinar,Large Meeting",2023-05-31,251,Active
SUB000461,ACC00399,Enterprise,"Large Meeting,Cloud Recording",2023/06/19,1094,Active
SUB000077,ACC00069,Pro,,2023-09-23,267,ACTIVE
SUB000156,ACC00134,Enterprise,"webinar,large meeting",02/02/2023,1613,ACTIVE
SUB000064,ACC00059,Basic,,2024-02-28,155,active
SUB000392,ACC00338,Enterprise,"Webinar,Cloud Recording",30-01-2022,1701,active
SUB000468,ACC99906,Enterprise,"Webinar,Large Meeting",2024/05/28,1043,Active
SUB000341,ACC00293,Enterprise,"Webinar,Cloud Recording",15-04-2022,1891,ACTIVE
SUB000480,ACC99968,Enterprise,"Webinar,Large Meeting",22-01-2024,1323,Active
SUB000432,ACC00374,Enterprise,"Webinar,Cloud Recording",2023-05-12,813,active
SUB000375,ACC00322,Basic,,2022/04/12,138,active
SUB000083,ACC00073,Pro,Large Meeting,,319,active
SUB000102,ACC00019,Basic,,05/10/2024,150,ACTIVE
SUB000456,ACC00394,Enterprise,Cloud Recording,25-03-2023,1495,Active
SUB000114,ACC00098,Enterprise,"Webinar,Large Meeting",2024-06-25,592,active
SUB000465,ACC99927,Enterprise,"Webinar,Large Meeting",2022-05-23,1323,Active
SUB000297,ACC00256,Pro,Webinar,08/09/2023,265,Active
SUB000079,ACC00069,Enterprise,Cloud Recording,,1414,active
SUB000138,ACC00119,Basic,,2023/08/09,171,active
,ACC00387,Enterprise,"Webinar,Large Meeting,Cloud Recording",02/07/2024,911,Cancelled
SUB000292,ACC00252,Enterprise,Cloud Recording,19-06-2022,748,active
SUB000324,ACC00278,Enterprise,"Webinar,Cloud Recording",2022-02-13,2053,active
SUB000069,ACC00063,Pro,,01/22/2023,263,active
SUB000073,ACC00065,Pro,Webinar,2024/03/22,334,Active
SUB000219,ACC00188,Basic,,18-06-2023,126,ACTIVE
SUB000312,ACC00267,Basic,,01-07-2023,169,Active
SUB000080,ACC00070,Pro,"Webinar,Large Meeting",08/28/2023,N/A,active
SUB000209,ACC00179,Basic,,2022-01-01,147,
SUB000149,ACC00128,Enterprise,"Webinar,Large Meeting,Cloud Recording",2022-11-09,1892,Active
SUB000155,ACC00133,,,12/13/2022,263,active
SUB000176,ACC00151,Enterprise,"Large Meeting,Cloud Recording",04/21/2023,1232,ACTIVE
SUB000251,ACC00214,Enterprise,"Large Meeting,Cloud Recording",2022/03/31,2123,Active
SUB000477,ACC99989,Enterprise,"Webinar,Large Meeting",2024-03-07,621,Active
SUB000336,ACC00288,BASIC,,2022/06/15,256,ACTIVE
SUB000076,ACC00068,Pro,Cloud Recording,05/27/2022,302,Active
SUB000423,ACC00366,Enterprise,Cloud Recording,2024-01-22,1743,ACTIVE
SUB000016,ACC00016,Basic,,2023-01-11,137,ACTIVE
SUB000154,ACC00133,Basic,,2022-08-19,157,Trial
SUB000374,ACC00014,Pro,,18-10-2023,198,active
SUB000020,ACC00020,Pro,Large Meeting,2023-05-17,263,active
SUB000313,ACC00268,Enterprise,"Webinar,Large Meeting,Cloud Recording",2023-06-22,1230,ACTIVE
SUB000322,ACC00276,Enterprise,"Webinar,Large Meeting,Cloud Recording",2022-02-01,1237,ACTIVE
SUB000057,ACC00053,Enterprise,"Webinar,Cloud Recording",02-03-2023,1582,ACTIVE
SUB000395,ACC00340,Enterprise,Cloud Recording,03/07/2022,1157,ACTIVE
SUB000212,ACC00181,Pro,Webinar,01-07-2022,279,ACTIVE
SUB000321,ACC00275,Pro,Webinar,09-02-2022,256,ACTIVE
SUB000223,ACC00193,Enterprise,"Webinar,Cloud Recording",,641,Active
SUB000239,ACC00040,Pro,"Webinar,Large Meeting",29-04-2024,276,ACTIVE
SUB000410,ACC00353,Basic,,10-02-2023,131,ACTIVE
SUB000026,ACC00027,Enterprise,"Webinar,Cloud Recording",N/A,855,ACTIVE
SUB000266,ACC00229,Basic,,2023-11-15,146,Active
SUB000133,ACC00115,Enterprise,"Webinar,Large Meeting",2024-04-10,925,active
SUB000229,ACC00197,Basic,,,122,active
SUB000475,ACC99992,Enterprise,"Webinar,Large Meeting",2022-08-25,1336,Active
SUB000043,ACC00039,Pro,Webinar,30-04-2024,256,active
SUB000262,ACC00225,Enterprise,Cloud Recording,2024-01-01,1464,active
SUB000403,ACC00346,Enterprise,"Large Meeting,Cloud Recording",23-04-2022,1033,ACTIVE
SUB000141,ACC00122,Pro,large meeting,2023-09-28,326,active
SUB000256,ACC00219,Enterprise,Cloud Recording,2023-09-21,1621,ACTIVE
SUB000210,ACC00179,Enterprise,Cloud Recording,2023-05-03,1281,Active
SUB000193,ACC00165,Basic,,2023-08-08,172,active
SUB000315,ACC00270,,,07-12-2022,346,active
SUB000023,ACC00024,Pro,Webinar,2022/05/10,283,ACTIVE
SUB000317,ACC00272,Pro,"Webinar,Large Meeting",2022/10/21,366,ACTIVE
SUB000047,ACC00042,Pro,"Webinar,Large Meeting",2023-03-19,0,Active
SUB000127,ACC00111,Pro,"Webinar,Large Meeting",01/29/2022,332,Active
SUB000311,ACC00011,Enterprise,"Webinar,Cloud Recording",2023/05/14,1269,Active
,ACC00115,Pro,Large Meeting,2022/09/20,351,ACTIVE
SUB000318,ACC00273,Basic,,04-05-2022,127,Active
SUB000472,ACC99914,Enterprise,"Webinar,Large Meeting",26-10-2023,1086,Active
SUB000058,ACC00054,Enterprise,"Webinar,Large Meeting",2023-02-18,1543,ACTIVE
SUB000177,ACC00151,Basic,,02/26/2023,177,Active
SUB000235,ACC00201,PRO,,2023-06-22,149,ACTIVE
SUB000404,ACC00347,Basic,,28-08-2022,125,Active
SUB000025,ACC00026,BASIC,,19-02-2024,283,ACTIVE
SUB000018,ACC00018,Enterprise,"Webinar,Large Meeting",01/25/2024,1482,active
SUB000067,ACC00062,Pro,"Webinar,Large Meeting",10/11/2023,N/A,Active
SUB000398,ACC00343,Enterprise,"Webinar,Large Meeting",15-04-2024,1822,active
SUB000087,ACC00076,Enterprise,"webinar,cloud recording",2022/04/01,2019,active
SUB000032,ACC00030,Basic,,NULL,133,
SUB000085,ACC00029,Pro,,2022/06/11,-100,active
SUB000125,ACC00109,Enterprise,"Webinar,Cloud Recording",04-02-2023,1767,ACTIVE
SUB000333,ACC00287,Enterprise,"Large Meeting,Cloud Recording",16-04-2024,1312,
SUB000454,ACC00392,Enterprise,"Webinar,Large Meeting",N/A,796,Active
SUB000295,ACC00254,Basic,,26-01-2022,174,active
SUB000095,ACC00083,Basic,,2022-07-17,163,ACTIVE
SUB000337,ACC00289,Basic,,2023-12-28,131,Active
SUB000182,ACC00154,Pro,,12-07-2022,273,active
SUB000024,ACC00039,Basic,,2023-10-24,136,ACTIVE
SUB000205,ACC00177,Enterprise,Cloud Recording,18-06-2023,N/A,ACTIVE
SUB000250,ACC00022,Enterprise,"Webinar,Large Meeting",20-07-2023,820,Active
SUB000362,ACC00050,Enterprise,Cloud Recording,09/22/2022,1670,
SUB000006,ACC00006,Basic,,06/17/2023,175,ACTIVE
SUB000117,ACC00100,Pro,Webinar,2023/11/12,302,active
SUB000046,ACC00042,Pro,Large Meeting,2022-03-10,382,Active
SUB000017,ACC00016,Pro,Cloud Recording,2022-03-01,330,Active
SUB000445,ACC00030,Basic,,29-04-2023,155,active
SUB000420,ACC00363,Pro,Large Meeting,08-06-2022,299,ACTIVE
SUB000004,ACC00004,Pro,Cloud Recording,15-04-2022,225,cancelled
SUB000439,ACC00379,Enterprise,"Large Meeting,Cloud Recording",09-01-2022,2011,Active
SUB000061,ACC00056,Basic,,2024-05-02,134,Active
SUB000111,ACC00095,Enterprise,"Webinar,Large Meeting,Cloud Recording",2023-07-13,1353,active
SUB000460,ACC00398,Basic,,20-02-2022,167,Active
SUB000380,ACC00327,Pro,Webinar,06/11/2022,247,Active
SUB000030,ACC00029,Basic,,2024/04/17,177,Active
SUB000450,ACC00390,Basic,,01/08/2022,178,Active
SUB000183,ACC00155,Pro,Cloud Recording,10/20/2022,272,Active
SUB000027,ACC00028,,,12/22/2023,1210,active
SUB000008,ACC00008,basic,,2024-01-12,162,ACTIVE
SUB000438,ACC00378,Enterprise,"Large Meeting,Cloud Recording",06-12-2023,1517,ACTIVE
SUB000109,ACC00094,Basic,,10/20/2023,132,Active
SUB000038,ACC00036,BASIC,,06-05-2023,142,ACTIVE
SUB000158,ACC00136,Pro,Cloud Recording,2023-11-08,344,Active
SUB000449,ACC00389,Enterprise,"Webinar,Large Meeting",31-01-2024,1639,ACTIVE
SUB000119,ACC00103,Enterprise,"Webinar,Large Meeting,Cloud Recording",02/18/2022,2040,active
SUB000115,ACC00032,Enterprise,"Large Meeting,Cloud Recording",22-02-2023,1044,Active
SUB000267,ACC00230,Pro,Cloud Recording,2023-07-31,303,ACTIVE
SUB000428,ACC00370,Basic,,2024/05/16,130,Active
SUB000145,ACC00124,Enterprise,"Webinar,Large Meeting,Cloud Recording",2022/12/27,1044,active
SUB000358,ACC00307,Enterprise,"Webinar,Cloud Recording",2022/02/22,613,active
,ACC00314,Pro,Large Meeting,04/12/2023,295,Active
SUB000306,ACC00262,Enterprise,"Webinar,Cloud Recording",03-05-2022,727,ACTIVE
SUB000342,ACC00294,enterprise,"Webinar,Large Meeting,Cloud Recording",2022-12-11,381,active
SUB000200,ACC00173,Basic,,2023-12-22,150,Active
SUB000430,ACC00372,Basic,,14-02-2023,160,active
SUB000142,ACC00123,Enterprise,"Large Meeting,Cloud Recording",2022-01-28,1852,active
SUB000354,ACC00047,Pro,"Webinar,Large Meeting",2024-04-13,431,ACTIVE
SUB000068,ACC00063,enterprise,"Webinar,Cloud Recording",2022/04/10,343,ACTIVE
SUB000194,ACC00166,Basic,,08-09-2023,176,Active
SUB000169,ACC00144,basic,,2024/06/16,247,ACTIVE
SUB000437,ACC00377,Enterprise,"Webinar,Cloud Recording",07-04-2023,1318,Active
NULL,ACC00169,Pro,,,253,
SUB000228,ACC00196,Pro,"Webinar,Large Meeting",2022-10-04,280,ACTIVE
SUB000110,ACC00094,Basic,,10/13/2022,162,Active
SUB000230,ACC00197,Pro,Webinar,2024-02-16,247,ACTIVE
SUB000146,ACC00125,Pro,"Webinar,Large Meeting",2024-03-08,462,
SUB000246,ACC00210,Enterprise,"Webinar,Large Meeting,Cloud Recording",2024-05-18,606,active
SUB000153,ACC00132,Pro,"Webinar,Large Meeting",27-05-2023,445,ACTIVE
SUB000397,ACC00342,Enterprise,Cloud Recording,2022/06/05,1359,Active
,ACC00352,Enterprise,"large meeting,cloud recording",2023/04/01,990,Trial
SUB000084,ACC00073,Basic,,2023/10/28,134,ACTIVE
SUB000466,ACC99903,Enterprise,"Webinar,Large Meeting",2023-04-25,584,Active
SUB000166,ACC00141,Enterprise,Cloud Recording,2023/04/09,1471,Active
SUB000422,ACC00365,Pro,Webinar,2022/06/18,324,ACTIVE
SUB000211,ACC00180,Enterprise,"Webinar,Large Meeting",17-05-2022,1762,Active
SUB000075,ACC00067,Enterprise,"Webinar,Cloud Recording",2022-01-16,1219,cancelled
SUB000299,ACC00012,Basic,,2024/01/07,177,ACTIVE
SUB000412,ACC00356,Enterprise,"Webinar,Cloud Recording",2022-07-12,833,ACTIVE
SUB000232,ACC00198,Pro,Large Meeting,NULL,232,active
SUB000120,ACC00104,Pro,,,N/A,active
SUB000273,ACC00235,Enterprise,Cloud Recording,16-06-2024,1385,ACTIVE
SUB000290,ACC00251,Enterprise,"Large Meeting,Cloud Recording",2022-10-31,1550,ACTIVE
SUB000326,ACC00280,Enterprise,"Webinar,Cloud Recording",06/22/2022,1392,Active
SUB000343,ACC00294,Pro,Webinar,NULL,345,Trial
SUB000263,ACC00226,Pro,Cloud Recording,2023-12-18,287,active
SUB000238,ACC00204,Pro,,2022/11/02,232,active
SUB000356,ACC00305,Pro,Large Meeting,2023/05/04,304,Active
SUB000371,ACC00317,Basic,,24-10-2022,153,active
SUB000421,ACC00364,Pro,large meeting,16-07-2023,319,active
SUB000037,ACC00035,Enterprise,"Webinar,Large Meeting,Cloud Recording",18-02-2022,1978,active
SUB000197,ACC00170,Enterprise,"Large Meeting,Cloud Recording",2022/05/18,2067,ACTIVE
SUB000140,ACC00121,Basic,,2022-01-07,129,ACTIVE
SUB000353,ACC00022,Enterprise,"Webinar,Cloud Recording",20-03-2022,510,ACTIVE
SUB000226,ACC00194,Basic,,2024-04-25,125,Active
SUB000276,ACC00238,Pro,Large Meeting,2023-09-05,290,Active
SUB000452,ACC00391,Pro,Large Meeting,2023-07-17,238,Active
SUB000060,ACC00055,PRO,Large Meeting,19-02-2024,295,Active
SUB000112,ACC00096,Pro,,2023/05/03,245,active
SUB000254,ACC00046,Enterprise,Cloud Recording,2024/06/02,,Active
SUB000448,ACC00388,Pro,"Webinar,Large Meeting",2023-03-07,398,ACTIVE
SUB000007,ACC00008,Basic,,2023-09-11,132,ACTIVE
SUB000479,ACC99955,Enterprise,"Webinar,Large Meeting",2022-06-05,1358,Active
SUB000335,ACC00287,Basic,,08-01-2024,148,Cancelled
SUB000159,ACC00136,Enterprise,Cloud Recording,2023-10-05,2045,ACTIVE
SUB000151,ACC00130,Enterprise,"Webinar,Large Meeting",18-06-2022,1773,ACTIVE
SUB000178,ACC00151,Enterprise,"Large Meeting,Cloud Recording",2024-01-07,1591,active
SUB000381,ACC00328,Basic,,2022-08-02,128,ACTIVE
SUB000185,ACC00157,Enterprise,"Large Meeting,Cloud Recording",2023-01-24,1825,ACTIVE
SUB000427,ACC00010,Basic,,2022-03-23,127,ACTIVE
SUB000011,ACC00011,Enterprise,"Webinar,Large Meeting",2024-05-13,2149,active
SUB000369,ACC00315,Enterprise,"Large Meeting,Cloud Recording",2022-10-21,919,ACTIVE
SUB000104,ACC00007,Enterprise,"Webinar,Large Meeting,Cloud Recording",07/30/2023,599,ACTIVE
SUB000082,ACC00022,Pro,"Webinar,Large Meeting",09/06/2023,326,ACTIVE
SUB000039,ACC00037,Enterprise,"Webinar,Cloud Recording",2023-12-07,825,Active
SUB000305,ACC00261,Pro,,22-08-2023,251,ACTIVE
SUB000168,ACC00143,Basic,,2023-05-26,178,active
SUB000451,ACC00391,Enterprise,Cloud Recording,2022-10-01,1403,active
SUB000287,ACC00248,Enterprise,"Webinar,Large Meeting",07/24/2022,1214,active
SUB000402,ACC00345,Basic,,2022/01/04,126,Active
SUB000199,ACC00172,Enterprise,"Webinar,Cloud Recording",04/02/2022,1794,ACTIVE
NULL,ACC00249,Pro,Webinar,2023-08-19,262,active
SUB000435,ACC00377,Enterprise,"Webinar,Cloud Recording",2024/01/27,1009,Active
SUB000469,ACC99925,Enterprise,"Webinar,Large Meeting",2023/02/07,770,Active
SUB000195,ACC00167,Pro,Webinar,2024-03-07,347,Cancelled
SUB000090,ACC00079,Enterprise,"Webinar,Cloud Recording",2022-12-24,1232,ACTIVE
SUB000147,ACC00126,Enterprise,Webinar | Cloud Recording,20-04-2023,554,Active
SUB000164,ACC00139,Enterprise,Webinar | Large Meeting,12/18/2022,976,Active
SUB000249,ACC00212,Enterprise,"Webinar,Cloud Recording",2023/12/22,882,ACTIVE
SUB000148,ACC00127,Pro,Cloud Recording,11/18/2022,253,active
SUB000003,ACC00003,Enterprise,"Webinar,Cloud Recording",07/12/2022,1155,ACTIVE
SUB000093,ACC00081,Basic,,2024/04/12,120,ACTIVE
SUB000387,ACC00334,Basic,,2023/02/22,133,Active
SUB000070,ACC00063,Pro,,09/04/2022,222,ACTIVE
SUB000278,ACC00240,Pro,,10/02/2022,235,ACTIVE
SUB000124,ACC00108,Basic,,10-11-2023,131,ACTIVE
SUB000357,ACC00306,Pro,Webinar,2023-03-01,341,Cancelled
SUB000097,ACC00085,Enterprise,"Webinar,Large Meeting,Cloud Recording",2023-12-25,1483,ACTIVE
SUB000144,ACC00124,Enterprise,Cloud Recording,NULL,1182,active
SUB000240,ACC00040,Enterprise,"Webinar,Large Meeting,Cloud Recording",2023-01-19,1167,Active
SUB000366,ACC00314,Pro,,2024-02-03,345,active
SUB000347,ACC00296,,,2023-02-21,252,Active
SUB000457,ACC00395,Enterprise,Cloud Recording,2022-03-06,1459,Active
SUB000098,ACC00086,Enterprise,"Webinar,Large Meeting,Cloud Recording",2023-12-08,1369,active
SUB000339,ACC00291,BASIC,,20-02-2024,203,ACTIVE
SUB000123,ACC00107,Enterprise,Cloud Recording,2022/11/19,1628,ACTIVE
SUB000184,ACC00156,Enterprise,"Webinar,Large Meeting,Cloud Recording",2023/01/18,1826,Active
SUB000203,ACC00175,Enterprise,"Webinar,Large Meeting,Cloud Recording",2022-07-19,1044,ACTIVE
SUB000247,ACC00210,Basic,,2022-11-13,173,ACTIVE
SUB000389,ACC00336,Basic,,2022-08-14,140,ACTIVE
SUB000363,ACC00050,Basic,,,129,Cancelled
SUB000417,ACC00025,enterprise,Cloud Recording,03/23/2024,203,ACTIVE
SUB000291,ACC00252,Pro,,06/19/2023,292,active
SUB000383,ACC00330,Basic,,2023-05-22,140,Active
SUB000275,ACC00004,Enterprise,"Webinar,Large Meeting,Cloud Recording",02/23/2023,1536,Active
SUB000126,ACC00026,Pro,Cloud Recording,24-02-2022,265,cancelled
SUB000350,ACC00299,Pro,Large Meeting,2022/07/03,285,ACTIVE
SUB000224,ACC00193,Basic,,13-12-2022,177,ACTIVE
SUB000405,ACC00349,Enterprise,"Webinar,Cloud Recording",12/04/2022,1350,Active
SUB000220,ACC00189,Pro,Cloud Recording,2023/11/04,336,ACTIVE
SUB000130,ACC00113,BASIC,,2023-06-04,N/A,active
SUB000407,ACC00351,Pro,,2023-05-16,295,Active
SUB000382,ACC00329,Enterprise,"Large Meeting,Cloud Recording",2024/03/08,570,ACTIVE
SUB000319,ACC00273,Enterprise,"Webinar,Large Meeting",14-07-2022,602,Active
SUB000365,ACC00313,Pro,"Webinar,Large Meeting",05-03-2022,332,ACTIVE
SUB000282,ACC00242,Pro,Webinar,2024-01-22,363,Active
SUB000370,ACC00316,Pro,Cloud Recording,2022/07/11,330,active
SUB000285,ACC00245,Basic,,03/01/2024,136,Trial
SUB000355,ACC00304,Basic,,2022-12-04,165,active
SUB000330,ACC00284,Pro,,29-03-2022,276,ACTIVE
SUB000113,ACC00097,Pro,,04/05/2023,285,ACTIVE
SUB000180,ACC00153,Basic,,2023-08-21,160,Active
SUB000298,ACC00257,Pro,Cloud Recording,13-02-2024,243,active
SUB000429,ACC00371,Pro,,,215,Active
SUB000434,ACC00376,Pro,Webinar,15-06-2023,308,active
SUB000463,ACC99909,Enterprise,"Webinar,Large Meeting",NULL,1266,Active
SUB000348,ACC00297,Basic,,23-04-2023,164,ACTIVE
SUB000234,ACC00200,Pro,Cloud Recording,01/08/2022,377,
SUB000302,ACC00259,pro,Webinar,2022-01-17,-100,ACTIVE
SUB000165,ACC00140,Enterprise,"Webinar,Cloud Recording",18-09-2022,1592,Active
SUB000137,ACC00118,Enterprise,Webinar | Large Meeting | Cloud Recording,2023/01/18,1518,active
SUB000198,ACC00171,Enterprise,"Webinar,Large Meeting,Cloud Recording",2024-03-02,774,Active
SUB000259,ACC00222,Pro,Cloud Recording,07-07-2022,358,Active
SUB000233,ACC00199,Enterprise,Cloud Recording,2023-03-22,797,ACTIVE
SUB000116,ACC00100,Pro,Webinar,2023/03/05,382,ACTIVE
SUB000121,ACC00023,pro,Large Meeting,07-06-2022,218,ACTIVE
SUB000385,ACC00332,Basic,,11/14/2023,153,ACTIVE
SUB000225,ACC00193,Pro,Webinar,2023-07-16,275,active
SUB000406,ACC00350,Basic,,2023/03/21,126,active
SUB000372,ACC00318,BASIC,,30-08-2023,129,Active
SUB000128,ACC00112,Pro,"Webinar,Large Meeting",2023-05-27,468,active
SUB000286,ACC00246,Pro,Large Meeting,2022-04-17,259,ACTIVE
SUB000399,ACC00343,Basic,,2022/07/27,131,ACTIVE
SUB000108,ACC00093,Basic,,,143,ACTIVE
SUB000359,ACC00308,Pro,Large Meeting,2022-06-03,236,Active
SUB000424,ACC00366,Enterprise,"Large Meeting,Cloud Recording",2023-04-07,1033,ACTIVE
SUB000134,ACC00115,Pro,"Webinar,Large Meeting",16-12-2022,416,Active
SUB000352,ACC00301,Pro,Cloud Recording,2022-09-27,260,ACTIVE
SUB000045,ACC00041,Pro,Webinar,,,Active
SUB000443,ACC00007,Enterprise,"Webinar,Cloud Recording",2024-02-02,831,ACTIVE
SUB000066,ACC00061,Basic,,2022-08-02,131,Active
SUB000284,ACC00244,Basic,,03/30/2023,159,active
SUB000086,ACC00075,Pro,Cloud Recording,12/16/2023,346,ACTIVE
SUB000243,ACC00208,Basic,,08/28/2022,143,ACTIVE
SUB000187,ACC00028,Pro,"Webinar,Large Meeting",2022-06-03,390,ACTIVE
SUB000160,ACC00136,Pro,"Webinar,Large Meeting",,N/A,active
SUB000013,ACC00013,Basic,,12-03-2022,178,active
SUB000036,ACC00034,Pro,webinar,21-06-2022,260,ACTIVE
SUB000029,ACC00029,Enterprise,Cloud Recording,2023/08/06,1619,Active
SUB000171,ACC00146,Pro,Webinar,12/29/2023,303,Active
,ACC00124,Enterprise,"Webinar,Large Meeting",N/A,486,Active
SUB000418,ACC00361,Enterprise,Cloud Recording,2023-05-21,1767,active
SUB000332,ACC00286,Enterprise,"Webinar,Large Meeting",22-09-2022,579,ACTIVE
SUB000222,ACC00192,Enterprise,"Large Meeting,Cloud Recording",,638,ACTIVE
SUB000096,ACC00021,Pro,"Webinar,Large Meeting",2023-03-01,400,active
SUB000052,ACC00047,Pro,Cloud Recording,2023/04/09,293,Active
SUB000241,ACC00040,Pro,Webinar,01/31/2024,315,active
SUB000361,ACC00310,Pro,Webinar,12-09-2022,304,Trial
SUB000384,ACC00331,Basic,,2022/02/24,122,Active
SUB000179,ACC00152,Enterprise,"Webinar,Cloud Recording",,1541,active
SUB000042,ACC00038,Basic,,2022/09/23,,active
SUB000376,ACC00323,enterprise,"Webinar,Large Meeting,Cloud Recording",2023/11/25,432,
SUB000207,ACC00178,Basic,,2024-05-05,157,active
SUB000283,ACC00243,PRO,Cloud Recording,24-09-2022,1899,ACTIVE
SUB000255,ACC00218,Business,,11-08-2022,148,ACTIVE
SUB000400,ACC00343,Enterprise,Cloud Recording,2023-02-09,504,ACTIVE
SUB000005,ACC00005,Pro,Large Meeting,2024-05-28,366,Active
SUB000257,ACC00220,Pro,Large Meeting,04/06/2022,,Active
SUB000433,ACC00040,Enterprise,Cloud Recording,2022-02-05,504,Active
SUB000101,ACC00019,enterprise,"Webinar,Large Meeting,Cloud Recording",27-06-2024,638,active
SUB000227,ACC00195,Pro,Webinar;Large Meeting,05/14/2023,418,Trial
SUB000413,ACC00357,Basic,,2023-02-26,123,active
SUB000214,ACC00183,Enterprise,"Large Meeting,Cloud Recording",18-03-2024,768,cancelled
SUB000172,ACC00148,Pro,"Webinar,Large Meeting",03-12-2022,302,Active
SUB000099,ACC00087,Enterprise,,2022/10/30,2093,ACTIVE
SUB000293,ACC00252,pro,,2024-04-11,186,Active
SUB000216,ACC00185,Pro,Cloud Recording,30-07-2023,252,Active
SUB000062,ACC00057,Pro,Webinar,2022-08-16,259,ACTIVE
SUB000048,ACC00043,Enterprise,,2022/07/20,998,Active
SUB000033,ACC00031,Pro,,2022-03-10,306,Active
SUB000268,ACC00231,Pro,,2022/08/04,267,Active
SUB000328,ACC00282,Pro,Large Meeting,2023-03-27,305,ACTIVE
SUB000201,ACC00174,Pro,"Webinar,Large Meeting",29-12-2022,377,ACTIVE
SUB000431,ACC00373,pro,"Webinar,Large Meeting",2022/01/19,437,Active
SUB000028,ACC00029,Enterprise,"Webinar,Large Meeting",11/24/2023,1704,ACTIVE
SUB000378,ACC00325,Enterprise,Cloud Recording,15-09-2022,1231,Active
SUB000231,ACC00197,Pro,"Webinar,Large Meeting",01/22/2022,289,Active
SUB000261,ACC00224,enterprise,"Webinar,Cloud Recording",22-12-2023,397,active
SUB000289,ACC00250,Enterprise,"Large Meeting,Cloud Recording",2022-10-12,1482,active
SUB000163,ACC00139,Business,,24-11-2022,254,active
SUB000411,ACC00354,Pro,Cloud Recording,06-07-2022,273,ACTIVE
SUB000139,ACC00120,Enterprise,"Webinar,Cloud Recording",2023-01-23,477,active
SUB000063,ACC00058,Enterprise,"Large Meeting,Cloud Recording",2023-09-09,1440,active
SUB000136,ACC00117,Business,,04/14/2023,1257,active
SUB000129,ACC00113,Enterprise,"Webinar,Large Meeting",11/10/2022,1771,Active
SUB000458,ACC00032,,,2024/05/15,142,Active
,ACC00009,Enterprise,"Webinar,Large Meeting",2023-05-24,1249,active
SUB000327,ACC00281,Pro,Webinar,03/24/2024,373,active
SUB000446,ACC00386,Basic,,2023-10-01,175,ACTIVE
SUB000065,ACC00060,Pro,Cloud Recording,2022-03-08,263,ACTIVE
SUB000301,ACC00259,Enterprise,"Webinar,Large Meeting,Cloud Recording",2022-03-25,2065,Active
SUB000015,ACC00015,Pro,"Webinar,Large Meeting",2023-08-10,334,Active
SUB000157,ACC00135,Pro,,01-07-2022,295,ACTIVE
SUB000041,ACC00037,Enterprise,"Large Meeting,Cloud Recording",07/10/2022,,Active
SUB000442,ACC00382,,,2022-02-01,498,ACTIVE
SUB000391,ACC00338,Enterprise,"Webinar,Cloud Recording",2024/06/22,1964,ACTIVE
SUB000217,ACC00186,Enterprise,"Webinar,Large Meeting",2022-02-16,662,
,ACC00241,Enterprise,"Webinar,Cloud Recording",02-08-2022,1582,Active
SUB000419,ACC00362,Enterprise,"Webinar,Large Meeting,Cloud Recording",2022-12-23,1868,active
SUB000415,ACC00358,Enterprise,"Webinar,Cloud Recording",02/04/2023,1076,active
SUB000338,ACC00290,Pro,Cloud Recording,2023-05-28,269,active
SUB000237,ACC00203,Pro,Large Meeting,2024/03/26,293,ACTIVE
SUB000208,ACC00179,Basic,,2024-04-08,155,Active
SUB000213,ACC00182,Enterprise,"Webinar,Large Meeting",03/08/2024,,Active
SUB000296,ACC00018,Enterprise,"Webinar,Large Meeting",11/27/2023,1283,Active
SUB000440,ACC00380,Basic,,2022-02-10,138,active
SUB000252,ACC00215,Basic,,2024-01-01,120,ACTIVE
SUB000470,ACC99912,Enterprise,"Webinar,Large Meeting",2022-11-16,1359,Active
SUB000441,ACC00381,Pro,Webinar,2023-09-26,376,ACTIVE
SUB000304,ACC00261,Enterprise,"Webinar,Large Meeting",2022-09-23,1870,active
SUB000351,ACC00300,Pro,,2024/06/18,225,ACTIVE
SUB000270,ACC00233,Basic,,11/23/2023,150,ACTIVE
SUB000202,ACC00175,Basic,,05/02/2024,170,ACTIVE
SUB000162,ACC00138,,,22-07-2022,210,active
SUB000044,ACC00040,Basic,,09/05/2023,174,ACTIVE
SUB000218,ACC00187,Enterprise,"Webinar,Large Meeting,Cloud Recording",28-05-2023,636,ACTIVE
SUB000191,ACC00163,Enterprise,Cloud Recording,2023-01-10,987,active
SUB000310,ACC00011,Enterprise,Cloud Recording,N/A,791,active
SUB000260,ACC00223,Enterprise,"Large Meeting,Cloud Recording",2023-02-13,515,ACTIVE
SUB000106,ACC00091,ENTERPRISE,"Large Meeting,Cloud Recording",2022-05-17,268,Active
SUB000054,ACC00049,Enterprise,"Large Meeting,Cloud Recording",2022-07-27,809,active
SUB000390,ACC00337,Pro,,2022-12-26,276,active
SUB000002,ACC00002,Basic,,2022/12/24,139,active
SUB000426,ACC00368,Enterprise,Cloud Recording,03/08/2022,923,ACTIVE
SUB000464,ACC99961,Enterprise,"Webinar,Large Meeting",N/A,744,Active
SUB000050,ACC00019,Enterprise,"Webinar,Large Meeting,Cloud Recording",2023-02-21,1386,ACTIVE
SUB000081,ACC00071,Enterprise,"Webinar,Large Meeting",2023-02-04,771,Active
SUB000206,ACC00177,Enterprise,"Webinar,Large Meeting",NULL,1334,Active
SUB000035,ACC00033,Basic,,08/11/2023,123,ACTIVE
SUB000264,ACC00227,BASIC,,2023-08-17,165,Cancelled
SUB000367,ACC00314,basic,,2022-02-15,153,active
SUB000092,ACC00081,Enterprise,"Webinar,Large Meeting",2023-12-08,1407,ACTIVE
SUB000340,ACC00292,Enterprise,"Webinar,Large Meeting",2022-09-30,1434,Cancelled
SUB000455,ACC00045,Basic,,2022-10-28,144,active
SUB000053,ACC00048,BASIC,,2022-05-09,1469,active
SUB000346,ACC00296,Basic,,03/11/2024,156,ACTIVE
SUB000265,ACC00228,Pro,Webinar,2023/10/15,375,Active
SUB000242,ACC00207,Basic,,08/31/2023,173,
SUB000014,ACC00014,Enterprise,"Webinar,Cloud Recording",2022-02-11,1990,ACTIVE
SUB000316,ACC00271,Pro,Large Meeting,03/20/2024,334,active
SUB000089,ACC00078,Basic,,10/04/2023,153,ACTIVE
SUB000388,ACC00335,Pro,Large Meeting,09-10-2022,239,active
SUB000274,ACC00236,Enterprise,"Webinar,Large Meeting",2022/11/13,1708,ACTIVE
SUB000167,ACC00023,Enterprise,"Webinar,Large Meeting,Cloud Recording",11/10/2023,804,Active
SUB000329,ACC00283,Pro,Cloud Recording,15-02-2023,302,active
SUB000474,ACC99957,Enterprise,"Webinar,Large Meeting",10/29/2023,802,Active
SUB000135,ACC00116,Enterprise,"Webinar,Cloud Recording",24-01-2024,651,ACTIVE
SUB000307,ACC00263,Basic,,2023/04/02,178,ACTIVE
SUB000462,ACC99941,Enterprise,"Webinar,Large Meeting",2022/02/25,1199,Active
SUB000320,ACC00274,Enterprise,Cloud Recording,2024/05/28,1120,ACTIVE
SUB000244,ACC00209,Pro,Cloud Recording,14-09-2023,-100,active
SUB000055,ACC00050,Pro,Webinar,2022-07-19,339,Active
SUB000364,ACC00312,Pro,"Webinar,Large Meeting",2023/10/02,343,Active
SUB000051,ACC00046,Basic,,2023-03-20,158,ACTIVE
SUB000175,ACC00149,Enterprise,"Webinar,Large Meeting",2023/11/23,1651,active
SUB000190,ACC00162,Pro,Cloud Recording,11/12/2022,238,active
SUB000478,ACC99946,Enterprise,"Webinar,Large Meeting",2022-12-25,503,Active
SUB000188,ACC00160,Basic,,2022-10-30,139,
SUB000170,ACC00145,Pro,,2024/04/20,182,ACTIVE
SUB000059,ACC00054,Enterprise,"Webinar,Large Meeting,Cloud Recording",04/08/2023,1216,Active
SUB000049,ACC00044,enterprise,"Webinar,Cloud Recording",2022-05-19,1075,active
SUB000345,ACC00295,Basic,,2022-06-22,130,ACTIVE
SUB000236,ACC00202,Basic,,03/27/2023,161,active
SUB000253,ACC00216,Enterprise,"Webinar,Large Meeting,Cloud Recording",2023/04/08,2043,ACTIVE
SUB000022,ACC00022,Enterprise,Cloud Recording,2022-05-24,429,Trial
SUB000314,ACC00269,Pro,Webinar,12/02/2022,321,active
SUB000161,ACC00137,Basic,,2022/05/13,172,Active
SUB000277,ACC00239,Basic,,07/23/2022,130,ACTIVE
SUB000444,ACC00384,Enterprise,"Webinar,Large Meeting,Cloud Recording",2022-03-11,1645,active
SUB000192,ACC00164,Enterprise,"Webinar,Large Meeting,Cloud Recording",2022-03-08,1815,active
SUB000386,ACC00333,Pro,Cloud Recording,2024/02/26,301,cancelled
SUB000294,ACC00253,Basic,,13-07-2022,157,Active
SUB000414,ACC00357,Basic,,08-11-2022,175,active
SUB000344,ACC00294,Enterprise,"Webinar,Large Meeting",2023-12-25,1710,ACTIVE
SUB000258,ACC00031,ENTERPRISE,"Webinar,Large Meeting",2023/02/01,0,Active
SUB000309,ACC00011,Enterprise,"Webinar,Cloud Recording",09/17/2022,812,ACTIVE
SUB000150,ACC00129,Enterprise,"Large Meeting,Cloud Recording",18-01-2022,1398,Active
SUB000131,ACC00114,Enterprise,,2023-01-16,700,Active
SUB000152,ACC00131,,,2023/07/06,137,ACTIVE
SUB000360,ACC00309,Pro,,16-02-2023,271,Cancelled
SUB000100,ACC00019,Enterprise,Cloud Recording,2023-08-14,1807,active
SUB000373,ACC00320,Enterprise,"Large Meeting,Cloud Recording",2022-03-01,623,cancelled
SUB000088,ACC00077,Enterprise,"Webinar,Cloud Recording",12/10/2022,666,active
SUB000459,ACC00397,Enterprise,"Large Meeting,Cloud Recording",2023-08-01,1000,ACTIVE
SUB000331,ACC00285,Enterprise,"Webinar,Large Meeting",03/14/2022,1525,Active
SUB000215,ACC00184,basic,,2022-02-02,913,Active
SUB000467,ACC99994,Enterprise,"Webinar,Large Meeting",2024-03-13,1418,Active
SUB000122,ACC00106,Enterprise,Webinar | Large Meeting,06/23/2024,628,ACTIVE
SUB000481,ACC99976,Enterprise,"Webinar,Large Meeting",2022/03/06,1170,Active
SUB000021,ACC00022,Enterprise,"Webinar,Large Meeting,Cloud Recording",2022/04/15,1929,active
SUB000189,ACC00161,Enterprise,Cloud Recording,2022-12-15,1098,active
SUB000072,ACC00065,Basic,,2024-03-29,147,active
SUB000107,ACC00092,Enterprise,Cloud Recording,2022-03-17,1040,Active
SUB000271,ACC00235,Pro,Large Meeting,30-08-2023,331,Active
SUB000349,ACC00298,Basic,,26-01-2022,124,ACTIVE
SUB000436,ACC00377,Pro,"Webinar,Large Meeting",NULL,361,ACTIVE
SUB000103,ACC00007,Enterprise,"Webinar,Cloud Recording",2022/10/18,457,Cancelled
