"account_id","account_name","industry","account_created_at","licensed_seats","total_users","active_users","ghost_users","seat_utilization_pct","is_underutilized_seats","most_recent_user_activity","plan_type","monthly_cost","subscription_start_date","has_webinar_addon","has_large_meeting_addon","has_cloud_recording_addon","total_addons","has_premium_features","total_events","unique_hosts","meeting_count","webinar_count","total_duration_mins","avg_duration_mins","avg_participants_per_event","screen_share_usage_pct","recording_usage_pct","breakout_rooms_usage_pct","basic_meeting_pct","is_basic_usage_only","first_event_date","last_event_date","feature_adoption_score","underutilization_severity_score","revenue_at_risk","expansion_opportunity_score","engagement_level","account_health_status","recommended_action"
ACC00002,Advanced Works,Healthcare,2022-12-15,49,4,3,1,6.12,true,2024-08-21,Basic,139,2022-12-24,false,false,false,0,false,14,5,5,5,1723,156.64,53.31,7.14,14.29,7.14,78.57,false,2024-07-07,2024-09-30,,40.00,139,0.00,Medium,At Risk,Consolidate Seats
ACC00003,Cloud Industries Inc,,2023-01-06,247,5,2,3,0.81,true,2024-08-04,Enterprise,1155,2022-07-12,true,false,true,2,true,17,7,4,8,1155,77.00,65.31,11.76,23.53,23.53,70.59,false,2024-07-02,2024-09-29,100.00,40.00,1155,73.00,Medium,At Risk,Consolidate Seats
ACC00004,Digital Systems Inc,,2023-12-01,376,27,20,7,5.32,true,2024-09-26,Enterprise,1536,2023-02-23,true,true,true,3,true,75,30,39,13,8510,118.19,54.77,18.67,17.33,18.67,69.33,false,2024-07-01,2024-10-01,100.00,40.00,1536,85.00,High,At Risk,Consolidate Seats
ACC00005,Smart Ventures Inc,Finance,2022-08-05,131,1,1,0,0.76,true,2024-08-17,Pro,366,2024-05-28,false,true,false,1,true,2,1,1,1,206,103.00,72.00,50.00,0.00,0.00,50.00,false,2024-08-02,2024-08-23,50.00,40.00,366,53.00,Low,At Risk,Consolidate Seats
ACC00006,Beta Partners Inc,Retail,2023-02-13,342,1,1,0,0.29,true,2024-08-03,Basic,175,2023-06-17,false,false,false,0,false,0,0,0,0,0,0.00,0.00,0,0,0,0,false,,,,40.00,175,0.00,Inactive,At Risk,Re-engage - No Usage
ACC00007,Cloud Systems,Retail,2023-09-17,123,13,8,5,6.50,true,2024-09-21,Enterprise,831,2024-02-02,true,true,true,3,true,38,15,15,10,3623,100.64,48.22,5.26,10.53,18.42,76.32,false,2024-07-04,2024-09-30,100.00,50.00,831,69.00,Medium,At Risk,Consolidate Seats
ACC00008,Beta Enterprises Inc,Education,2024-02-20,841,4,2,2,0.24,true,2024-09-02,Basic,162,2024-01-12,false,false,false,0,false,22,6,12,7,2132,101.52,38.77,18.18,9.09,9.09,77.27,false,2024-07-02,2024-10-01,,40.00,162,0.00,Medium,At Risk,Consolidate Seats
ACC00009,Innovative Enterprises,Technology,2023-05-16,515,20,18,2,3.50,true,2024-09-28,No Active Plan,,,false,false,false,0,false,62,21,31,18,5735,97.20,50.23,20.97,25.81,17.74,62.90,false,2024-07-02,2024-09-29,,40.00,,0.00,High,At Risk,Consolidate Seats
ACC00010,Beta Dynamics,Healthcare,2022-11-21,896,46,33,13,3.68,true,2024-10-01,Enterprise,454,2022-12-02,false,false,true,1,true,117,47,47,29,10735,98.49,46.26,18.80,17.95,18.80,65.81,false,2024-07-01,2024-10-01,100.00,40.00,454,90.00,High,At Risk,Consolidate Seats
ACC00011,Nextgen Works Inc,Healthcare,2024-03-25,212,18,12,6,5.66,true,2024-09-26,Enterprise,2149,2024-05-13,true,true,true,3,true,51,19,25,12,4986,106.09,46.40,15.69,11.76,15.69,74.51,false,2024-07-06,2024-09-30,100.00,50.00,2149,80.00,High,At Risk,Consolidate Seats
ACC00012,Quantum Ventures Inc,Education,,,23,19,4,,false,2024-10-01,Basic,177,2024-01-07,false,false,false,0,false,68,25,25,18,7644,115.82,59.83,14.71,10.29,13.24,76.47,false,2024-07-02,2024-09-29,,0.00,0,0.00,High,Moderate,Upgrade to Pro
ACC00013,Digital Systems Inc,,2023-10-24,137,13,9,4,6.57,true,2024-09-30,Basic,178,2022-03-12,false,false,false,0,false,41,16,18,8,4189,110.24,44.81,17.07,19.51,9.76,78.05,false,2024-07-02,2024-10-01,,40.00,178,0.00,Medium,At Risk,Consolidate Seats
ACC00014,Nextgen Partners Inc,Technology,2023-07-08,972,33,23,10,2.37,true,2024-10-01,Pro,1990,2023-10-18,true,false,true,2,true,100,34,44,30,9773,103.97,48.17,15.00,12.00,11.00,76.00,false,2024-07-01,2024-10-01,100.00,40.00,1990,90.00,High,At Risk,Consolidate Seats
ACC00015,Digital Group,Retail,2023-12-15,770,4,2,2,0.26,true,2024-09-28,Pro,334,2023-08-10,true,true,false,2,true,8,4,4,1,862,107.75,45.50,12.50,12.50,12.50,87.50,false,2024-07-18,2024-09-19,100.00,50.00,334,81.00,Low,At Risk,Consolidate Seats
ACC00016,Digital Solutions,Manufacturing,2023-06-28,283,8,5,3,1.77,true,2024-09-21,Pro,330,2023-01-11,false,false,true,1,true,30,9,12,6,2842,98.00,45.38,20.00,20.00,20.00,56.67,false,2024-07-03,2024-09-30,100.00,40.00,330,76.00,Medium,At Risk,Consolidate Seats
ACC00018,Innovative Labs,Manufacturing,,44,10,7,3,15.91,true,2024-09-22,Pro,1482,2024-01-25,true,true,false,2,true,34,12,18,9,4489,132.03,54.64,11.76,20.59,23.53,58.82,false,2024-07-05,2024-09-30,100.00,40.00,1482,60.00,Medium,At Risk,Consolidate Seats
ACC00019,Quantum Dynamics,Retail,2022-07-08,173,12,7,5,4.05,true,2024-09-18,Enterprise,1807,2024-06-27,true,true,true,3,true,31,14,10,6,3088,102.93,55.34,35.48,29.03,25.81,54.84,false,2024-07-01,2024-10-01,100.00,40.00,1807,73.00,Medium,At Risk,Consolidate Seats
ACC00020,Global Ventures Inc,Education,2022-09-15,295,9,6,3,2.03,true,2024-09-23,Pro,263,2023-05-17,false,true,false,1,true,27,10,16,5,2982,110.44,42.19,14.81,18.52,22.22,66.67,false,2024-07-01,2024-09-28,100.00,50.00,263,75.00,Medium,At Risk,Consolidate Seats
ACC00021,Alpha Group,Technology,2022-06-25,907,2,2,0,0.22,true,2024-09-16,Pro,400,2023-03-01,true,true,false,2,true,4,2,1,3,586,146.50,26.50,0.00,0.00,0.00,100.00,true,2024-08-25,2024-09-23,25.00,80.00,400,80.00,Low,Critical,Consolidate Seats
ACC00022,Tech Enterprises Inc,,2022-08-31,382,68,41,27,10.73,true,2024-09-30,Pro,1929,2023-09-06,true,true,true,3,true,214,71,105,54,21799,108.45,50.58,16.82,15.89,20.56,68.22,false,2024-07-01,2024-10-01,100.00,40.00,1929,90.00,High,At Risk,Consolidate Seats
ACC00023,Beta Group,Finance,2023-07-05,508,2,2,0,0.39,true,2024-09-16,Pro,804,2023-11-10,true,true,true,3,true,4,3,2,2,535,133.75,37.50,0.00,25.00,25.00,75.00,false,2024-08-08,2024-09-11,75.00,50.00,804,70.00,Low,At Risk,Consolidate Seats
ACC00024,Smart Systems,Manufacturing,2022-01-29,383,10,6,4,1.57,true,2024-08-15,Pro,283,2022-05-10,true,false,false,1,true,34,10,19,9,2803,87.59,52.31,32.35,26.47,20.59,58.82,false,2024-07-04,2024-10-01,100.00,40.00,283,76.00,Medium,At Risk,Consolidate Seats
ACC00025,Quantum Ventures Inc,Finance,2022-02-17,964,8,5,3,0.52,true,2024-09-23,Enterprise,203,2024-03-23,false,false,true,1,true,18,10,7,7,1642,96.59,59.78,11.11,5.56,16.67,77.78,false,2024-07-10,2024-09-24,100.00,50.00,203,73.00,Medium,At Risk,Consolidate Seats
ACC00026,Quantum Works Inc,Technology,2022-11-04,535,2,1,1,0.19,true,2024-09-26,Basic,283,2024-02-19,false,false,false,0,false,3,2,2,0,178,59.33,21.33,0.00,0.00,0.00,100.00,true,2024-07-02,2024-08-27,,70.00,283,0.00,Low,Critical,Consolidate Seats
ACC00027,Advanced Group,Manufacturing,2022-11-08,199,1,0,1,0.00,true,,Enterprise,855,,true,false,true,2,true,8,1,4,0,502,71.71,31.25,25.00,12.50,25.00,50.00,false,2024-07-06,2024-09-28,75.00,50.00,855,60.00,Low,At Risk,Consolidate Seats
ACC00028,Beta Works,,2023-06-12,296,11,6,5,2.03,true,2024-10-01,Pro,1210,2023-12-22,true,true,false,2,true,27,12,9,8,2856,105.78,51.80,25.93,25.93,22.22,62.96,false,2024-07-01,2024-10-01,100.00,40.00,1210,75.00,Medium,At Risk,Consolidate Seats
ACC00029,Digital Works Inc,Retail,2023-10-07,594,2,2,0,0.34,true,2024-09-18,Pro,1704,2024-04-17,true,true,true,3,true,6,2,4,2,200,50.00,38.67,0.00,0.00,0.00,100.00,true,2024-07-29,2024-09-30,25.00,80.00,1704,81.00,Low,Critical,Consolidate Seats
ACC00030,Tech Systems,Retail,,325,8,3,5,0.92,true,2024-08-28,Basic,155,2023-04-29,false,false,false,0,false,28,9,10,8,3024,116.31,56.63,21.43,14.29,7.14,71.43,false,2024-07-02,2024-09-28,,40.00,155,0.00,Medium,At Risk,Consolidate Seats
ACC00031,Nextgen Dynamics Llc,Healthcare,2022-04-11,893,48,29,19,3.25,true,2024-10-01,Pro,306,2023-02-01,true,true,false,2,true,138,50,57,43,14394,111.58,49.96,14.49,17.39,15.22,69.57,false,2024-07-01,2024-09-30,100.00,50.00,306,90.00,High,At Risk,Consolidate Seats
ACC00032,Smart Ventures,Education,2022-11-24,10,16,13,3,130.00,false,2024-09-30,Enterprise,1044,2024-05-15,false,true,true,2,true,42,15,20,9,3848,91.62,49.69,23.81,14.29,16.67,64.29,false,2024-07-01,2024-10-01,100.00,10.00,0,39.00,Medium,Healthy,Monitor
ACC00033,Global Group,Retail,2024-02-28,984,3,2,1,0.20,true,2024-10-01,Basic,123,2023-08-11,false,false,false,0,false,6,3,3,0,910,151.67,67.67,16.67,16.67,16.67,66.67,false,2024-07-06,2024-09-25,,40.00,123,0.00,Low,At Risk,Consolidate Seats
ACC00034,Smart Group,Manufacturing,2022-08-14,,0,0,0,,false,,Pro,260,2022-06-21,true,false,false,1,true,0,0,0,0,0,0.00,0.00,0,0,0,0,false,,,0.00,10.00,0,,Inactive,Moderate,Re-engage - No Usage
ACC00035,Quantum Dynamics,Finance,2023-11-10,339,1,0,1,0.00,true,,Enterprise,1978,2022-02-18,true,true,true,3,true,3,1,2,1,197,65.67,54.00,33.33,33.33,66.67,33.33,false,2024-08-13,2024-09-10,100.00,40.00,1978,60.00,Low,At Risk,Consolidate Seats
ACC00036,Cloud Works,Retail,2022-03-25,254,37,26,11,10.24,true,2024-09-30,Basic,142,2023-05-06,false,false,false,0,false,119,43,56,22,10423,92.24,44.86,13.45,15.97,16.81,73.95,false,2024-07-01,2024-10-01,,40.00,142,0.00,High,At Risk,Consolidate Seats
ACC00037,Beta Solutions,Healthcare,2022-04-28,45,1,1,0,2.22,true,2024-09-24,Enterprise,825,2023-12-07,true,true,true,3,true,5,1,3,0,463,92.60,52.00,0.00,60.00,20.00,40.00,false,2024-07-31,2024-09-14,50.00,50.00,825,45.00,Low,At Risk,Consolidate Seats
ACC00038,Quantum Systems,Education,2023-01-20,278,3,2,1,0.72,true,2024-09-29,Basic,,2022-09-23,false,false,false,0,false,9,4,4,0,969,107.67,47.44,0.00,0.00,0.00,100.00,true,2024-07-02,2024-09-09,,70.00,,0.00,Low,Critical,Consolidate Seats
ACC00039,Advanced Enterprises,Finance,2022-07-14,202,60,42,18,20.79,true,2024-09-30,Pro,256,2024-04-30,true,false,false,1,true,171,70,67,59,16178,101.75,50.52,21.64,16.37,21.05,65.50,false,2024-07-01,2024-09-30,100.00,40.00,256,90.00,High,At Risk,Consolidate Seats
ACC00040,Digital Dynamics Inc,,2024-03-03,144,10,6,4,4.17,true,2024-09-28,Pro,1167,2024-04-29,true,true,true,3,true,33,11,16,10,3710,119.68,50.94,18.18,21.21,12.12,69.70,false,2024-07-11,2024-09-28,100.00,40.00,1167,70.00,Medium,At Risk,Consolidate Seats
ACC00041,Tech Works Inc,Retail,2022-05-16,791,10,5,5,0.63,true,2024-09-27,Pro,261,2023-09-30,true,false,false,1,true,32,10,16,7,3514,117.13,52.21,15.63,18.75,9.38,78.13,false,2024-07-02,2024-09-30,100.00,40.00,261,76.00,Medium,At Risk,Consolidate Seats
ACC00042,Digital Group,Retail,2022-01-18,45,13,9,4,20.00,true,2024-09-06,Pro,382,2023-03-19,true,true,false,2,true,29,13,14,8,2431,93.50,49.88,17.24,24.14,6.90,75.86,false,2024-07-02,2024-09-23,100.00,50.00,382,59.00,Medium,At Risk,Consolidate Seats
ACC00043,Nextgen Ventures Llc,Education,2022-05-04,188,1,0,1,0.00,true,,Enterprise,998,2022-07-20,false,false,false,0,true,3,1,1,0,150,50.00,81.00,0.00,0.00,0.00,100.00,true,2024-07-18,2024-09-12,0.00,70.00,998,0.00,Low,Critical,Consolidate Seats
ACC00044,Quantum Partners Llc,Healthcare,2023-01-05,35,5,2,3,5.71,true,2024-09-03,Enterprise,1075,2022-05-19,true,false,true,2,true,15,6,10,3,1921,128.07,43.14,13.33,13.33,13.33,80.00,false,2024-07-09,2024-09-22,100.00,40.00,1075,56.00,Medium,At Risk,Consolidate Seats
ACC00045,Beta Dynamics Llc,,2023-08-29,317,13,9,4,2.84,true,2024-09-21,Basic,144,2022-10-28,false,false,false,0,false,40,14,10,17,4628,115.70,49.13,17.50,25.00,15.00,67.50,false,2024-07-01,2024-09-30,,40.00,144,0.00,Medium,At Risk,Consolidate Seats
ACC00046,Alpha Solutions Llc,Retail,2024-03-20,590,10,8,2,1.36,true,2024-09-27,Enterprise,158,2024-06-02,false,false,true,1,true,29,9,13,8,3152,131.33,44.07,13.79,13.79,3.45,79.31,false,2024-07-01,2024-10-01,100.00,40.00,158,75.00,Medium,At Risk,Consolidate Seats
ACC00047,Alpha Systems,Education,2022-11-05,163,33,24,9,14.72,true,2024-09-28,Pro,431,2024-04-13,true,true,true,3,true,89,30,34,27,8913,106.11,46.47,14.61,16.85,15.73,71.91,false,2024-07-03,2024-10-01,100.00,50.00,431,83.00,High,At Risk,Consolidate Seats
ACC00048,Quantum Industries,Retail,2022-08-28,841,13,9,4,1.07,true,2024-09-27,Basic,1469,2022-05-09,false,false,false,0,false,36,12,15,9,3389,102.70,48.14,19.44,19.44,25.00,72.22,false,2024-07-01,2024-09-30,,40.00,1469,0.00,Medium,At Risk,Consolidate Seats
ACC00049,Global Ventures Inc,,2023-08-06,170,6,5,1,2.94,true,2024-10-01,Enterprise,809,2022-07-27,false,true,true,2,true,14,6,9,1,1399,107.62,46.08,14.29,14.29,28.57,64.29,false,2024-07-05,2024-09-23,100.00,50.00,809,69.00,Medium,At Risk,Consolidate Seats
ACC00050,Nextgen Ventures,Education,,790,10,4,6,0.51,true,2024-08-10,Pro,339,2022-07-19,true,false,false,1,true,28,12,14,7,3179,113.54,48.00,7.14,7.14,3.57,85.71,false,2024-07-02,2024-10-01,100.00,40.00,339,85.00,Medium,At Risk,Consolidate Seats
ACC00052,Global Dynamics Llc,Manufacturing,,133,6,2,4,1.50,true,2024-09-22,Enterprise,1856,,true,true,false,2,true,12,5,4,3,1297,117.91,46.42,16.67,8.33,33.33,50.00,false,2024-07-02,2024-09-28,100.00,50.00,1856,55.00,Medium,At Risk,Consolidate Seats
ACC00053,Tech Ventures,Retail,2022-07-28,19,13,9,4,47.37,true,2024-09-17,Enterprise,1582,2023-03-02,true,false,true,2,true,37,13,16,7,2888,82.51,50.68,18.92,21.62,24.32,70.27,false,2024-07-07,2024-09-30,100.00,40.00,791.0,48.00,Medium,At Risk,Monitor
ACC00054,Beta Industries,Education,2022-04-27,10,1,1,0,10.00,true,2024-08-05,Enterprise,1543,2023-04-08,true,true,true,3,true,1,1,0,1,30,30.00,0.00,0.00,0.00,0.00,100.00,true,2024-08-10,2024-08-10,25.00,80.00,1543,61.00,Low,Critical,Consolidate Seats
ACC00055,Smart Group,Finance,2023-09-06,272,6,5,1,1.84,true,2024-09-06,Pro,295,2024-02-19,false,true,false,1,true,23,7,8,6,2282,103.73,45.81,17.39,21.74,13.04,69.57,false,2024-07-01,2024-09-30,100.00,50.00,295,74.00,Medium,At Risk,Consolidate Seats
ACC00056,Nextgen Labs,,2022-06-02,136,1,1,0,0.74,true,2024-09-13,Basic,134,2024-05-02,false,false,false,0,false,2,1,1,0,695,347.50,40.50,50.00,50.00,0.00,50.00,false,2024-08-22,2024-09-08,,40.00,134,0.00,Low,At Risk,Consolidate Seats
ACC00057,Cloud Works,Retail,,591,8,6,2,1.02,true,2024-09-29,Pro,259,2022-08-16,true,false,false,1,true,22,6,10,6,1446,72.30,50.62,18.18,22.73,31.82,59.09,false,2024-07-01,2024-09-29,100.00,40.00,259,74.00,Medium,At Risk,Consolidate Seats
ACC00058,Innovative Partners,Technology,2023-03-27,216,4,4,0,1.85,true,2024-08-16,Enterprise,1440,2023-09-09,false,true,true,2,true,8,3,2,3,893,127.57,58.13,12.50,25.00,12.50,75.00,false,2024-07-02,2024-09-16,100.00,40.00,1440,71.00,Low,At Risk,Consolidate Seats
ACC00059,Innovative Systems,,2022-12-03,590,1,1,0,0.17,true,2024-08-01,Basic,155,2024-02-28,false,false,false,0,false,3,1,2,1,271,90.33,28.67,33.33,33.33,0.00,66.67,false,2024-07-02,2024-09-29,,40.00,155,0.00,Low,At Risk,Consolidate Seats
ACC00060,Premier Ventures Inc,Technology,2022-04-11,303,1,1,0,0.33,true,2024-07-24,Pro,263,2022-03-08,false,false,true,1,true,1,1,0,1,236,236.00,32.00,0.00,0.00,0.00,100.00,true,2024-09-14,2024-09-14,25.00,80.00,263,80.00,Low,Critical,Consolidate Seats
ACC00061,Tech Enterprises,Manufacturing,2023-11-30,6,9,7,2,116.67,false,2024-10-01,Basic,131,2022-08-02,false,false,false,0,false,36,10,14,11,3345,98.38,47.94,19.44,11.11,11.11,69.44,false,2024-07-06,2024-10-01,,0.00,0,0.00,Medium,Healthy,Monitor
ACC00062,Premier Industries Inc,,2022-03-17,127,19,12,7,9.45,true,2024-09-27,Pro,,2023-10-11,true,true,false,2,true,57,21,22,15,5089,92.53,51.61,14.04,19.30,17.54,68.42,false,2024-07-02,2024-09-27,100.00,40.00,,73.00,High,At Risk,Consolidate Seats
ACC00063,Smart Works,Education,2022-10-30,606,19,12,7,1.98,true,2024-09-18,Pro,343,2023-01-22,true,false,true,2,true,50,20,21,15,4657,99.09,52.74,14.00,20.00,18.00,68.00,false,2024-07-04,2024-09-30,100.00,40.00,343,80.00,High,At Risk,Consolidate Seats
ACC00064,Quantum Solutions,Education,2022-12-27,17,1,1,0,5.88,true,2024-07-25,Basic,150,2024-05-23,false,false,false,0,false,4,1,2,1,355,118.33,29.00,0.00,25.00,25.00,50.00,false,2024-07-13,2024-09-13,,40.00,150,0.00,Low,At Risk,Consolidate Seats
ACC00065,Innovative Systems,Manufacturing,2022-05-15,157,7,3,4,1.91,true,2024-08-10,Pro,334,2024-03-29,true,false,false,1,true,28,8,11,9,2669,102.65,52.04,25.00,25.00,14.29,64.29,false,2024-07-02,2024-10-01,100.00,40.00,334,70.00,Medium,At Risk,Consolidate Seats
ACC00066,Cloud Ventures,Retail,2022-10-30,80,1,0,1,0.00,true,,Pro,334,2023-06-23,false,true,false,1,true,3,1,2,1,723,241.00,65.67,0.00,0.00,33.33,66.67,false,2024-07-26,2024-09-27,50.00,40.00,334,58.00,Low,At Risk,Consolidate Seats
ACC00067,Digital Group,Technology,2022-05-07,889,1,1,0,0.11,true,2024-09-11,No Active Plan,,,false,false,false,0,false,2,1,0,1,60,60.00,20.00,0.00,50.00,0.00,50.00,false,2024-07-08,2024-09-26,,40.00,,0.00,Low,At Risk,Consolidate Seats
ACC00068,Cloud Systems,Finance,2022-08-15,676,8,8,0,1.18,true,2024-09-16,Pro,302,2022-05-27,false,false,true,1,true,15,8,8,3,1394,99.57,40.60,20.00,26.67,13.33,66.67,false,2024-07-07,2024-09-27,100.00,40.00,302,73.00,Medium,At Risk,Consolidate Seats
ACC00069,Innovative Solutions,Manufacturing,2023-04-10,914,31,23,8,2.52,true,2024-10-01,Pro,1414,2023-09-23,false,true,true,2,true,79,29,33,22,7048,99.27,46.46,15.19,16.46,15.19,72.15,false,2024-07-08,2024-10-01,100.00,50.00,1414,85.00,High,At Risk,Consolidate Seats
ACC00070,Innovative Group,Education,,29,8,8,0,27.59,true,2024-10-01,Pro,,2023-08-28,true,true,false,2,true,19,8,5,6,1757,97.61,49.38,26.32,21.05,21.05,68.42,false,2024-07-01,2024-09-10,100.00,50.00,,45.00,Medium,At Risk,Consolidate Seats
ACC00071,Beta Enterprises,Healthcare,2024-05-18,14,30,23,7,164.29,false,2024-09-25,Enterprise,771,2023-02-04,true,true,false,2,true,79,31,28,19,9070,120.93,50.68,22.78,24.05,15.19,67.09,false,2024-07-01,2024-09-29,100.00,0.00,0,46.00,High,Healthy,Monitor
ACC00073,Innovative Systmes,Finance,,48,1,1,0,2.08,true,2024-09-26,Pro,319,2023-10-28,false,true,false,1,true,6,2,1,0,759,126.50,66.50,0.00,33.33,16.67,50.00,false,2024-07-29,2024-09-06,50.00,40.00,319,45.00,Low,At Risk,Consolidate Seats
ACC00075,Quantum Partners Inc,Manufacturing,2023-01-26,167,22,15,7,8.98,true,2024-09-24,Pro,346,2023-12-16,false,false,true,1,true,65,26,34,16,5637,92.41,51.82,10.77,9.23,12.31,76.92,false,2024-07-01,2024-09-30,100.00,50.00,346,79.00,High,At Risk,Consolidate Seats
ACC00076,Global Ventures,Finance,2023-02-13,28,13,9,4,32.14,true,2024-09-27,Enterprise,2019,2022-04-01,true,false,true,2,true,34,15,13,12,4106,124.42,49.15,17.65,20.59,26.47,67.65,false,2024-07-02,2024-09-29,100.00,40.00,1009.5,48.00,Medium,At Risk,Monitor
ACC00077,Beta Partners Llc,Manufacturing,,621,1,0,1,0.00,true,,Enterprise,666,2022-12-10,true,false,true,2,true,2,1,1,0,166,83.00,44.00,50.00,50.00,0.00,50.00,false,2024-07-22,2024-09-04,50.00,50.00,666,60.00,Low,At Risk,Consolidate Seats
ACC00078,Quantum Solutions,Healthcare,2023-05-09,36,1,1,0,2.78,true,2024-08-13,Basic,153,2023-10-04,false,false,false,0,false,4,1,1,2,496,124.00,46.25,0.00,0.00,0.00,100.00,true,2024-08-02,2024-09-30,,70.00,153,0.00,Low,Critical,Consolidate Seats
ACC00079,Advanced Ventures,Technology,2023-11-05,97,4,2,2,2.06,true,2024-09-19,Enterprise,1232,2022-12-24,true,false,true,2,true,15,4,3,7,1866,133.29,41.87,13.33,20.00,13.33,66.67,false,2024-07-03,2024-09-27,100.00,40.00,1232,62.00,Medium,At Risk,Consolidate Seats
ACC00080,Cloud Solutions Inc,Technology,2022-08-09,91,2,2,0,2.20,true,2024-08-27,Basic,153,2024-02-18,false,false,false,0,false,3,2,0,2,317,105.67,21.00,33.33,0.00,0.00,66.67,false,2024-07-02,2024-09-24,,40.00,153,0.00,Low,At Risk,Consolidate Seats
ACC00081,Alpha Industries Inc,Education,2023-03-11,120,1,0,1,0.00,true,,Enterprise,1407,2024-04-12,true,true,false,2,true,3,1,1,2,270,90.00,49.00,0.00,0.00,0.00,100.00,true,2024-08-02,2024-09-07,25.00,80.00,1407,72.00,Low,Critical,Consolidate Seats
ACC00082,Global Labs,Education,2023-09-06,14,32,19,13,135.71,false,2024-09-21,Basic,,2024-01-24,false,false,false,0,false,82,35,35,25,7961,106.15,49.26,18.29,18.29,19.51,70.73,false,2024-07-03,2024-10-01,,0.00,0,0.00,High,Healthy,Upgrade to Pro
ACC00083,Global Solutions,Manufacturing,2024-04-05,61,1,0,1,0.00,true,,Basic,163,2022-07-17,false,false,false,0,false,3,1,3,0,108,54.00,54.00,0.00,33.33,0.00,66.67,false,2024-07-14,2024-09-13,,40.00,163,0.00,Low,At Risk,Consolidate Seats
ACC00085,Digital Group,Finance,2024-03-08,80,1,1,0,1.25,true,2024-09-12,Enterprise,1483,2023-12-25,true,true,true,3,true,1,1,0,1,113,113.00,100.00,0.00,100.00,0.00,0.00,false,2024-09-20,2024-09-20,50.00,40.00,1483,48.00,Low,At Risk,Consolidate Seats
ACC00086,Cloud Dynamics Inc,,2024-03-02,195,1,1,0,0.51,true,2024-08-19,Enterprise,1369,2023-12-08,true,true,true,3,true,5,1,3,0,105,26.25,65.00,20.00,0.00,40.00,40.00,false,2024-07-17,2024-09-14,50.00,50.00,1369,60.00,Low,At Risk,Consolidate Seats
ACC00087,Alpha Industries Llc,,2022-10-09,69,34,24,10,34.78,true,2024-10-01,Enterprise,2093,2022-10-30,false,false,false,0,true,84,33,36,25,8145,101.81,48.84,16.67,19.05,21.43,69.05,false,2024-07-01,2024-10-01,100.00,40.00,1046.5,0.00,High,At Risk,Monitor
ACC00090,Tech Enterprises Inc,,2023-09-10,200,8,7,1,3.50,true,2024-09-23,Pro,180,2024-04-23,false,false,false,0,false,25,8,7,10,2196,99.82,53.79,24.00,16.00,24.00,64.00,false,2024-07-01,2024-09-26,,40.00,180,0.00,Medium,At Risk,Consolidate Seats
ACC00091,Beta Group Llc,Finance,2023-11-18,902,30,22,8,2.44,true,2024-09-28,Enterprise,268,2022-05-17,false,true,true,2,true,76,29,31,18,9686,138.37,48.04,18.42,18.42,18.42,72.37,false,2024-07-01,2024-10-01,100.00,50.00,268,85.00,High,At Risk,Consolidate Seats
ACC00092,Nextgen Enterprises Inc,Healthcare,2022-05-21,76,8,6,2,7.89,true,2024-09-03,Enterprise,1040,2022-03-17,false,false,true,1,true,24,10,12,4,1694,73.65,57.13,20.83,16.67,25.00,54.17,false,2024-07-04,2024-09-21,100.00,40.00,1040,61.00,Medium,At Risk,Consolidate Seats
ACC00093,Nextgen Solutions,Healthcare,2024-05-01,370,1,1,0,0.27,true,2024-10-01,Basic,143,,false,false,false,0,false,2,1,0,2,173,86.50,35.50,0.00,0.00,0.00,100.00,true,2024-07-20,2024-09-25,,70.00,143,0.00,Low,Critical,Consolidate Seats
ACC00094,Quantum Works,Education,2022-11-13,399,1,0,1,0.00,true,,Basic,162,2023-10-20,false,false,false,0,false,3,1,2,0,167,55.67,36.33,66.67,33.33,33.33,33.33,false,2024-07-11,2024-08-12,,40.00,162,0.00,Low,At Risk,Consolidate Seats
ACC00095,Premier Labs,Healthcare,2022-05-22,31,1,1,0,3.23,true,2024-08-21,Enterprise,1353,2023-07-13,true,true,true,3,true,13,1,6,1,1808,150.67,42.31,23.08,15.38,23.08,76.92,false,2024-07-14,2024-09-25,100.00,50.00,1353,55.00,Medium,At Risk,Consolidate Seats
ACC00096,Nextgen Systems Llc,Retail,2022-08-16,228,10,6,4,2.63,true,2024-09-25,Pro,245,2023-05-03,false,false,false,0,false,29,11,11,10,1736,66.77,51.19,17.24,24.14,6.90,75.86,false,2024-07-01,2024-09-27,,40.00,245,0.00,Medium,At Risk,Consolidate Seats
ACC00097,Advanced Systems Inc,Healthcare,2022-10-21,86,1,1,0,1.16,true,2024-08-16,Pro,285,2023-04-05,false,false,false,0,false,2,1,1,0,460,230.00,40.00,0.00,100.00,50.00,0.00,false,2024-07-21,2024-09-04,,40.00,285,0.00,Low,At Risk,Consolidate Seats
ACC00098,Global Solutions Llc,Technology,2022-09-01,27,3,3,0,11.11,true,2024-08-17,Enterprise,592,2024-06-25,true,true,false,2,true,10,4,2,3,680,68.00,57.90,30.00,20.00,30.00,50.00,false,2024-07-01,2024-09-19,100.00,40.00,592,44.00,Medium,At Risk,Consolidate Seats
ACC00100,Nextgen Ventures Llc,Technology,2022-03-11,844,5,3,2,0.36,true,2024-09-20,Pro,382,2023-11-12,true,false,false,1,true,12,5,5,1,1258,104.83,55.42,16.67,16.67,8.33,75.00,false,2024-07-02,2024-10-01,100.00,40.00,382,72.00,Medium,At Risk,Consolidate Seats
ACC00101,Innovative Solutions Inc,,2022-07-06,50,1,1,0,2.00,true,2024-07-19,Basic,169,2023-02-19,false,false,false,0,false,6,3,3,1,600,100.00,27.50,50.00,50.00,16.67,50.00,false,2024-07-02,2024-08-22,,40.00,169,0.00,Low,At Risk,Consolidate Seats
ACC00103,Smart Systems,Finance,2022-07-11,183,17,11,6,6.01,true,2024-09-17,Enterprise,2040,2022-02-18,true,true,true,3,true,49,18,17,15,4856,105.57,54.04,16.33,8.16,8.16,81.63,false,2024-07-02,2024-09-30,100.00,50.00,2040,87.00,Medium,At Risk,Consolidate Seats
ACC00104,Advanced Industries,Finance,2022-11-10,371,1,1,0,0.27,true,2024-08-28,Pro,,,false,false,false,0,false,1,1,1,0,84,84.00,15.00,0.00,0.00,0.00,100.00,true,2024-07-23,2024-07-23,,70.00,,0.00,Low,Critical,Consolidate Seats
ACC00106,Cloud Group,Finance,2024-02-21,24,7,5,2,20.83,true,2024-09-23,Enterprise,628,2024-06-23,true,true,false,2,true,17,7,7,7,1896,118.50,45.53,11.76,11.76,5.88,82.35,false,2024-07-01,2024-09-26,100.00,50.00,628,65.00,Medium,At Risk,Consolidate Seats
ACC00107,Global Solutions,Education,2023-12-22,493,1,0,1,0.00,true,,Enterprise,1628,2022-11-19,false,false,true,1,true,4,1,1,1,806,201.50,52.00,25.00,50.00,25.00,50.00,false,2024-07-12,2024-09-19,100.00,40.00,1628,60.00,Low,At Risk,Consolidate Seats
ACC00108,Innovative Systems,,2022-11-24,764,1,0,1,0.00,true,,Basic,131,2023-11-10,false,false,false,0,false,3,1,2,1,132,44.00,50.33,0.00,33.33,0.00,66.67,false,2024-07-08,2024-08-11,,40.00,131,0.00,Low,At Risk,Consolidate Seats
ACC00109,Quantum Dynamics,Retail,,192,6,4,2,2.08,true,2024-09-09,Enterprise,1767,2023-02-04,true,false,true,2,true,17,8,10,4,1763,103.71,48.47,23.53,35.29,17.65,58.82,false,2024-07-01,2024-09-30,100.00,40.00,1767,72.00,Medium,At Risk,Consolidate Seats
ACC00111,Innovative Group,Education,2022-11-27,34,3,2,1,5.88,true,2024-09-28,Pro,332,2022-01-29,true,true,false,2,true,6,3,2,1,385,96.25,47.00,50.00,50.00,33.33,33.33,false,2024-07-27,2024-09-24,100.00,50.00,332,44.00,Low,At Risk,Consolidate Seats
ACC00112,Beta Ventures Llc,Manufacturing,2023-11-06,546,3,3,0,0.55,true,2024-09-24,Pro,468,2023-05-27,true,true,false,2,true,6,3,4,2,1108,184.67,54.67,16.67,16.67,16.67,83.33,false,2024-07-04,2024-09-18,100.00,40.00,468,81.00,Low,At Risk,Consolidate Seats
ACC00113,Tech Systems Llc,Retail,2022-02-01,497,27,18,9,3.62,true,2024-09-29,Enterprise,1771,2023-06-04,true,true,false,2,true,72,30,28,26,6547,99.20,48.62,19.44,25.00,20.83,66.67,false,2024-07-02,2024-09-30,100.00,50.00,1771,84.00,High,At Risk,Consolidate Seats
ACC00114,Beta Group Inc,Healthcare,2022-05-28,952,15,7,8,0.74,true,2024-08-14,Enterprise,700,2023-01-16,false,false,false,0,true,48,15,28,9,4558,108.52,58.67,20.83,22.92,25.00,64.58,false,2024-07-09,2024-09-26,100.00,40.00,700,0.00,Medium,At Risk,Consolidate Seats
ACC00115,Cloud Ventures,Education,2022-02-21,158,23,17,6,10.76,true,2024-10-01,Pro,925,2024-04-10,true,true,false,2,true,63,25,24,21,6044,102.44,53.48,11.11,9.52,19.05,74.60,false,2024-07-01,2024-10-01,100.00,40.00,925,77.00,High,At Risk,Consolidate Seats
ACC00116,Cloud Industries,Retail,2022-11-12,26,1,1,0,3.85,true,2024-09-10,Enterprise,651,2024-01-24,true,false,true,2,true,4,1,3,0,281,70.25,45.00,50.00,25.00,50.00,0.00,false,2024-07-27,2024-09-13,75.00,50.00,651,42.00,Low,At Risk,Consolidate Seats
ACC00117,Cloud Solutions Inc,Manufacturing,,118,25,20,5,16.95,true,2024-09-27,Pro,1257,2023-04-14,false,false,false,0,false,84,27,41,23,8052,98.20,45.95,14.29,16.67,17.86,69.05,false,2024-07-01,2024-09-30,,40.00,1257,0.00,High,At Risk,Consolidate Seats
ACC00118,Advanced Solutions,Manufacturing,2023-10-01,7,5,3,2,42.86,true,2024-09-25,Enterprise,1518,2023-01-18,true,true,true,3,true,16,6,7,3,1664,104.00,56.07,6.25,18.75,25.00,62.50,false,2024-07-01,2024-09-29,100.00,40.00,759.0,43.00,Medium,At Risk,Monitor
ACC00119,Cloud Dynamics Llc,Retail,2022-06-02,134,5,2,3,1.49,true,2024-09-23,Basic,171,2023-08-09,false,false,false,0,false,18,5,9,3,1453,80.72,49.13,16.67,16.67,16.67,72.22,false,2024-07-04,2024-09-27,,40.00,171,0.00,Medium,At Risk,Consolidate Seats
ACC00120,Alpha Labs,Manufacturing,2024-04-15,79,36,27,9,34.18,true,2024-09-26,Enterprise,477,2023-01-23,true,false,true,2,true,109,40,45,32,10238,95.68,53.91,13.76,13.76,17.43,72.48,false,2024-07-02,2024-10-01,100.00,40.00,238.5,67.00,High,At Risk,Monitor
ACC00121,Quantum Solutions,Manufacturing,2024-01-09,185,8,4,4,2.16,true,2024-09-19,Basic,129,2022-01-07,false,false,false,0,false,21,11,9,5,2346,146.63,55.43,9.52,19.05,4.76,71.43,false,2024-07-03,2024-10-01,,40.00,129,0.00,Medium,At Risk,Consolidate Seats
ACC00122,Innovative Works Llc,,2023-05-29,954,7,6,1,0.63,true,2024-09-27,Pro,326,2023-09-28,false,true,false,1,true,18,6,8,6,2072,121.88,58.13,38.89,16.67,5.56,61.11,false,2024-07-03,2024-09-30,100.00,40.00,326,73.00,Medium,At Risk,Consolidate Seats
ACC00123,Nextgen Enterprises,Retail,2022-12-17,939,1,1,0,0.11,true,2024-09-10,Enterprise,1852,2022-01-28,false,true,true,2,true,4,1,2,1,289,96.33,54.00,25.00,50.00,50.00,50.00,false,2024-07-16,2024-09-20,100.00,40.00,1852,60.00,Low,At Risk,Consolidate Seats
ACC00124,Premier Works,Education,2023-12-23,525,2,0,2,0.00,true,,Enterprise,1182,2022-12-27,true,true,true,3,true,7,1,0,3,603,100.50,31.29,14.29,0.00,14.29,85.71,false,2024-07-09,2024-09-28,75.00,50.00,1182,81.00,Low,At Risk,Consolidate Seats
ACC00125,Quantum Labs Llc,Finance,2024-04-03,,1,0,1,,false,,No Active Plan,,,false,false,false,0,false,4,2,2,1,668,167.00,36.00,0.00,0.00,0.00,100.00,true,2024-08-05,2024-09-13,,30.00,,0.00,Low,At Risk,Monitor
ACC00126,Digital Works,Technology,2023-08-24,34,1,1,0,2.94,true,2024-07-08,Enterprise,554,2023-04-20,true,false,true,2,true,3,1,3,0,440,146.67,58.00,0.00,0.00,0.00,100.00,true,2024-07-12,2024-09-17,0.00,80.00,554,63.00,Low,Critical,Consolidate Seats
ACC00127,Cloud Partners Llc,Retail,2023-05-03,19,4,2,2,10.53,true,2024-08-22,Pro,253,2022-11-18,false,false,true,1,true,10,4,3,0,925,102.78,35.30,10.00,20.00,10.00,70.00,false,2024-07-14,2024-09-18,75.00,40.00,253,53.00,Medium,At Risk,Consolidate Seats
ACC00128,Global Industries Llc,Healthcare,2022-02-07,177,3,2,1,1.13,true,2024-09-22,Enterprise,1892,2022-11-09,true,true,true,3,true,6,3,2,1,150,25.00,59.17,0.00,0.00,0.00,100.00,true,2024-07-02,2024-09-21,25.00,80.00,1892,78.00,Low,Critical,Consolidate Seats
ACC00129,Smart Solutions Llc,Manufacturing,2022-05-18,100,1,1,0,1.00,true,2024-09-09,Enterprise,1398,2022-01-18,false,true,true,2,true,2,1,1,1,305,152.50,53.00,0.00,0.00,0.00,100.00,true,2024-07-31,2024-08-30,25.00,80.00,1398,70.00,Low,Critical,Consolidate Seats
ACC00130,Beta Labs,,2022-06-29,616,9,7,2,1.14,true,2024-09-19,Enterprise,1773,2022-06-18,true,true,false,2,true,32,11,13,12,2770,95.52,50.03,21.88,28.13,25.00,59.38,false,2024-07-03,2024-09-28,100.00,40.00,1773,76.00,Medium,At Risk,Consolidate Seats
ACC00131,Beta Systems Inc,Education,2022-10-01,,5,2,3,,false,2024-07-11,No Active Plan,137,2023-07-06,false,false,false,0,false,13,5,6,5,1115,85.77,61.42,30.77,23.08,23.08,61.54,false,2024-07-19,2024-09-28,,0.00,0,0.00,Medium,Moderate,Monitor
ACC00132,Beta Systems,,2023-12-08,503,1,1,0,0.20,true,2024-07-19,Pro,445,2023-05-27,true,true,false,2,true,1,1,1,0,153,153.00,64.00,0.00,0.00,0.00,100.00,true,2024-07-05,2024-07-05,0.00,80.00,445,80.00,Low,Critical,Consolidate Seats
ACC00133,Premier Dynamics,Retail,2024-04-01,16,7,4,3,25.00,true,2024-09-09,No Active Plan,263,2022-12-13,false,false,false,0,false,19,6,5,4,1524,101.60,38.19,21.05,15.79,21.05,73.68,false,2024-07-05,2024-09-19,,40.00,131.5,0.00,Medium,At Risk,Consolidate Seats
ACC00134,Nextgen Partners,Manufacturing,2022-07-27,21,3,1,2,4.76,true,2024-09-20,Enterprise,1613,2023-02-02,true,true,false,2,true,15,4,5,3,1672,111.47,46.00,6.67,13.33,20.00,73.33,false,2024-07-09,2024-09-30,100.00,50.00,1613,55.00,Medium,At Risk,Consolidate Seats
ACC00135,Quantum Industries,Retail,2022-03-01,516,25,18,7,3.49,true,2024-09-29,Pro,295,2022-07-01,false,false,false,0,false,75,28,37,23,6755,95.14,47.74,17.33,14.67,17.33,70.67,false,2024-07-02,2024-10-01,,40.00,295,0.00,High,At Risk,Consolidate Seats
ACC00136,Quantum Works,Retail,,9,1,1,0,11.11,true,2024-08-19,Pro,2045,2023-11-08,true,true,true,3,true,2,2,1,1,45,45.00,79.00,0.00,0.00,0.00,100.00,true,2024-07-20,2024-08-16,25.00,80.00,2045,60.00,Low,Critical,Consolidate Seats
ACC00137,Advanced Enterprises,Finance,2023-11-09,23,8,6,2,26.09,true,2024-09-16,Basic,172,2022-05-13,false,false,false,0,false,18,8,11,3,1141,67.12,50.29,27.78,22.22,16.67,66.67,false,2024-07-05,2024-09-30,,40.00,86.0,0.00,Medium,At Risk,Consolidate Seats
ACC00138,Innovative Works,Manufacturing,2023-01-24,23,27,16,11,69.57,false,2024-09-30,No Active Plan,210,2022-07-22,false,false,false,0,false,79,28,31,25,8433,112.44,52.41,16.46,17.72,15.19,75.95,false,2024-07-02,2024-10-01,,0.00,0,0.00,High,Moderate,Monitor
ACC00139,Global Solutions,Technology,2022-03-10,39,1,1,0,2.56,true,2024-07-22,Pro,976,2022-12-18,true,true,false,2,true,4,1,2,1,211,52.75,37.50,25.00,25.00,0.00,50.00,false,2024-07-07,2024-10-01,75.00,50.00,976,43.00,Low,At Risk,Consolidate Seats
ACC00140,Tech Group,Healthcare,2022-10-24,790,1,1,0,0.13,true,2024-07-09,Enterprise,1592,2022-09-18,true,false,true,2,true,3,1,0,0,154,77.00,44.67,0.00,0.00,33.33,66.67,false,2024-09-12,2024-09-29,25.00,50.00,1592,70.00,Low,At Risk,Consolidate Seats
ACC00141,Cloud Works Inc,Technology,2023-08-29,842,1,0,1,0.00,true,,Enterprise,1471,2023-04-09,false,false,true,1,true,1,1,0,0,74,74.00,63.00,100.00,100.00,0.00,0.00,false,2024-07-28,2024-07-28,50.00,40.00,1471,60.00,Low,At Risk,Consolidate Seats
ACC00143,Tech Ventures,Education,2023-10-25,145,12,10,2,6.90,true,2024-09-30,Basic,178,2023-05-26,false,false,false,0,false,43,13,17,9,5021,122.46,52.17,23.26,25.58,23.26,62.79,false,2024-07-02,2024-09-29,,40.00,178,0.00,Medium,At Risk,Consolidate Seats
ACC00144,Smart Group,Manufacturing,2023-07-27,22,1,1,0,4.55,true,2024-08-01,Basic,247,2024-06-16,false,false,false,0,false,4,1,4,0,459,114.75,24.50,0.00,0.00,0.00,100.00,true,2024-07-07,2024-09-04,,70.00,247,0.00,Low,Critical,Consolidate Seats
ACC00145,Digital Systems,,2022-09-03,590,5,5,0,0.85,true,2024-09-28,Pro,182,2024-04-20,false,false,false,0,false,12,4,8,2,829,69.08,63.25,8.33,16.67,33.33,66.67,false,2024-07-03,2024-09-27,,40.00,182,0.00,Medium,At Risk,Consolidate Seats
ACC00146,Cloud Ventures,Finance,2023-01-15,15,23,15,8,100.00,false,2024-09-24,Pro,303,2023-12-29,true,false,false,1,true,64,25,34,19,5637,93.95,53.63,12.50,15.63,17.19,71.88,false,2024-07-01,2024-09-30,100.00,0.00,0,43.00,High,Healthy,Monitor
ACC00148,Cloud Dynamics Llc,Technology,2024-05-09,,1,1,0,,false,2024-07-05,Pro,332,2023-09-16,true,true,true,3,true,3,1,2,1,750,250.00,48.67,33.33,0.00,33.33,66.67,false,2024-07-14,2024-09-15,75.00,10.00,0,,Low,Moderate,Monitor
ACC00149,Digitl Systems,,2023-11-07,36,6,5,1,13.89,true,2024-09-13,Enterprise,1651,2023-11-23,true,true,false,2,true,16,8,2,5,1367,85.44,49.31,25.00,25.00,12.50,68.75,false,2024-07-01,2024-09-20,100.00,50.00,1651,56.00,Medium,At Risk,Consolidate Seats
ACC00151,Global Enterprises,Education,2024-05-18,866,1,1,0,0.12,true,2024-07-22,Enterprise,1591,2024-01-07,false,true,true,2,true,1,1,0,0,100,100.00,55.00,0.00,0.00,0.00,100.00,true,2024-08-31,2024-08-31,0.00,80.00,1591,80.00,Low,Critical,Consolidate Seats
ACC00152,Nextgen Partners Inc,Finance,2024-05-28,244,3,2,1,0.82,true,2024-07-16,Enterprise,1541,,true,false,true,2,true,8,5,3,2,767,95.88,56.63,0.00,0.00,0.00,100.00,true,2024-07-06,2024-09-17,25.00,80.00,1541,81.00,Low,Critical,Consolidate Seats
ACC00153,Alpha Partners Llc,,,14,1,1,0,7.14,true,2024-07-06,Enterprise,1649,2023-08-21,true,false,true,2,true,1,1,1,0,60,60.00,54.00,0.00,0.00,0.00,100.00,true,2024-07-30,2024-07-30,0.00,80.00,1649,61.00,Low,Critical,Consolidate Seats
ACC00154,Advanced Systems Llc,Manufacturing,2024-02-13,906,32,23,9,2.54,true,2024-09-29,Pro,273,2022-07-12,false,false,false,0,false,85,31,36,23,9947,122.80,47.56,18.82,20.00,20.00,65.88,false,2024-07-01,2024-09-30,,40.00,273,0.00,High,At Risk,Consolidate Seats
ACC00155,Tech Systems,,2024-03-03,662,12,5,7,0.76,true,2024-09-04,Pro,272,2022-10-20,false,false,true,1,true,39,14,19,9,2813,82.74,51.03,23.08,7.69,25.64,66.67,false,2024-07-03,2024-09-28,100.00,50.00,272,77.00,Medium,At Risk,Consolidate Seats
ACC00156,Advanced Dynamics,,2022-10-02,850,25,19,6,2.24,true,2024-09-30,Enterprise,1826,2023-01-18,true,true,true,3,true,70,27,24,28,6491,96.88,48.32,27.14,27.14,30.00,57.14,false,2024-07-04,2024-09-30,100.00,50.00,1826,84.00,High,At Risk,Consolidate Seats
ACC00157,Global Solutions,Technology,2023-04-05,,1,1,0,,false,2024-07-09,Enterprise,1825,2023-01-24,false,true,true,2,true,5,1,1,3,259,64.75,52.20,0.00,0.00,20.00,80.00,false,2024-07-08,2024-08-01,50.00,10.00,0,,Low,Moderate,Monitor
ACC00158,Cloud Group Inc,Education,2022-06-23,18,5,4,1,22.22,true,2024-10-01,Enterprise,1207,2022-04-24,false,false,true,1,true,11,6,5,4,629,69.89,46.70,18.18,0.00,9.09,81.82,false,2024-07-18,2024-09-27,75.00,50.00,1207,63.00,Medium,At Risk,Consolidate Seats
ACC00160,Cloud Partners Llc,Finance,2023-12-13,152,7,4,3,2.63,true,2024-09-29,No Active Plan,,,false,false,false,0,false,17,9,12,4,1407,87.94,35.65,29.41,17.65,23.53,58.82,false,2024-07-09,2024-09-27,,40.00,,0.00,Medium,At Risk,Consolidate Seats
ACC00161,Premier Industries,Finance,2023-08-01,385,15,12,3,3.12,true,2024-09-28,Enterprise,1098,2022-12-15,false,false,true,1,true,43,17,21,14,4816,114.67,50.98,13.95,18.60,16.28,74.42,false,2024-07-02,2024-09-30,100.00,40.00,1098,78.00,Medium,At Risk,Consolidate Seats
ACC00162,Premier Works,Retail,2022-05-23,43,1,1,0,2.33,true,2024-08-22,Pro,238,2022-11-12,false,false,true,1,true,3,2,1,1,331,110.33,37.00,0.00,33.33,33.33,66.67,false,2024-08-05,2024-09-23,75.00,40.00,238,54.00,Low,At Risk,Consolidate Seats
ACC00163,Premier Industries,,2022-02-07,188,1,0,1,0.00,true,,Enterprise,987,2023-01-10,false,false,true,1,true,5,1,2,2,766,153.20,42.25,40.00,0.00,40.00,40.00,false,2024-07-01,2024-09-09,75.00,50.00,987,59.00,Low,At Risk,Consolidate Seats
ACC00164,Digital Enterprises Llc,Finance,2023-03-17,15,1,0,1,0.00,true,,Enterprise,1815,2022-03-08,true,true,true,3,true,7,1,2,2,1434,204.86,57.40,42.86,14.29,28.57,57.14,false,2024-07-11,2024-09-30,100.00,40.00,1815,52.00,Low,At Risk,Consolidate Seats
ACC00165,Alpha Works,Manufacturing,2022-01-26,72,24,15,9,20.83,true,2024-09-14,Basic,172,2023-08-08,false,false,false,0,false,65,25,30,20,5994,98.26,53.29,18.46,24.62,18.46,64.62,false,2024-07-01,2024-10-01,,40.00,172,0.00,High,At Risk,Consolidate Seats
ACC00166,Smart Enterprises,Retail,2023-04-09,,7,4,3,,false,2024-09-11,Basic,176,2023-09-08,false,false,false,0,false,19,8,7,2,2181,121.17,53.79,10.53,26.32,15.79,68.42,false,2024-07-04,2024-09-25,,0.00,0,0.00,Medium,Moderate,Monitor
ACC00167,Innovative Works,Retail,2023-02-19,43,1,0,1,0.00,true,,No Active Plan,,,false,false,false,0,false,2,1,1,0,75,37.50,58.00,0.00,50.00,50.00,0.00,false,2024-07-05,2024-09-12,,40.00,,0.00,Low,At Risk,Consolidate Seats
ACC00169,Smart Partners,Manufacturing,2022-12-27,890,0,0,0,0.00,true,,No Active Plan,,,false,false,false,0,false,0,0,0,0,0,0.00,0.00,0,0,0,0,false,,,,40.00,,0.00,Inactive,At Risk,Re-engage - No Usage
ACC00170,Golbal Dynamics Inc,Manufacturing,2022-07-10,95,32,23,9,24.21,true,2024-10-01,Enterprise,2067,2022-05-18,false,true,true,2,true,91,35,31,30,7772,95.95,46.97,20.88,18.68,18.68,64.84,false,2024-07-06,2024-10-01,100.00,50.00,2067,77.00,High,At Risk,Consolidate Seats
ACC00171,Cloud Partners,Healthcare,2023-07-30,176,1,1,0,0.57,true,2024-08-14,Enterprise,774,2024-03-02,true,true,true,3,true,3,1,3,0,205,68.33,45.00,33.33,33.33,33.33,66.67,false,2024-07-24,2024-09-19,75.00,50.00,774,67.00,Low,At Risk,Consolidate Seats
ACC00172,Global Industries Llc,Healthcare,2023-08-03,763,7,6,1,0.79,true,2024-08-19,Enterprise,1794,2022-04-02,true,false,true,2,true,24,7,9,6,2888,131.27,54.64,8.33,16.67,8.33,79.17,false,2024-07-04,2024-09-30,100.00,40.00,1794,74.00,Medium,At Risk,Consolidate Seats
ACC00173,Nextgen Enterprises,Healthcare,2022-04-15,454,21,12,9,2.64,true,2024-09-24,Basic,150,2023-12-22,false,false,false,0,false,53,26,21,16,4683,97.56,49.80,18.87,11.32,11.32,71.70,false,2024-07-02,2024-10-01,,40.00,150,0.00,High,At Risk,Consolidate Seats
ACC00174,Cloud Systems,Manufacturing,2024-05-31,370,1,1,0,0.27,true,2024-08-11,Pro,377,2022-12-29,true,true,false,2,true,1,1,1,0,15,15.00,10.00,0.00,0.00,0.00,100.00,true,2024-09-17,2024-09-17,0.00,80.00,377,80.00,Low,Critical,Consolidate Seats
ACC00175,Tech Industries Inc,Education,2024-05-28,298,2,2,0,0.67,true,2024-09-07,Enterprise,1044,2024-05-02,true,true,true,3,true,5,2,2,3,528,132.00,54.80,20.00,0.00,20.00,80.00,false,2024-07-09,2024-09-14,75.00,50.00,1044,71.00,Low,At Risk,Consolidate Seats
ACC00176,Tech Labs,,2022-09-11,702,5,3,2,0.43,true,2024-09-20,Enterprise,1769,2022-08-11,false,true,true,2,true,7,4,1,1,782,111.71,46.50,0.00,28.57,14.29,71.43,false,2024-07-01,2024-09-26,75.00,50.00,1769,71.00,Low,At Risk,Consolidate Seats
ACC00177,Advanced Partners Llc,,2023-01-13,,8,5,3,,false,2024-09-09,Enterprise,1334,2023-06-18,true,true,true,3,true,21,9,12,3,2431,127.95,46.75,9.52,4.76,14.29,76.19,false,2024-07-08,2024-09-30,100.00,10.00,0,,Medium,Moderate,Monitor
ACC00178,Beta Enterprises,Healthcare,2022-11-27,198,5,4,1,2.02,true,2024-09-28,Basic,157,2024-05-05,false,false,false,0,false,20,7,11,5,1632,90.67,53.79,10.00,10.00,10.00,75.00,false,2024-07-10,2024-10-01,,40.00,157,0.00,Medium,At Risk,Consolidate Seats
ACC00179,Beta Solutions Llc,Retail,,45,7,4,3,8.89,true,2024-09-22,Enterprise,1281,2024-04-08,false,false,true,1,true,18,7,7,6,1604,94.35,45.35,5.56,5.56,16.67,83.33,false,2024-07-04,2024-09-28,100.00,50.00,1281,67.00,Medium,At Risk,Consolidate Seats
ACC00180,Smart Systems,Healthcare,,974,13,9,4,0.92,true,2024-09-02,Enterprise,1762,2022-05-17,true,true,false,2,true,32,14,12,12,3768,125.60,56.31,9.38,9.38,9.38,87.50,false,2024-07-09,2024-09-23,100.00,40.00,1762,86.00,Medium,At Risk,Consolidate Seats
ACC00181,Tech Works,Technology,,633,1,0,1,0.00,true,,Pro,279,2022-07-01,true,false,false,1,true,2,1,0,1,141,70.50,20.50,0.00,0.00,0.00,100.00,true,2024-08-10,2024-08-13,25.00,70.00,279,80.00,Low,Critical,Consolidate Seats
ACC00182,Global Systems Inc,Healthcare,2023-11-25,53,1,1,0,1.89,true,2024-09-15,Enterprise,,2024-03-08,true,true,false,2,true,4,1,3,0,743,185.75,63.50,25.00,50.00,25.00,50.00,false,2024-07-06,2024-08-13,75.00,50.00,,45.00,Low,At Risk,Consolidate Seats
ACC00183,Digital Dynamics,Technology,2022-05-07,160,1,1,0,0.63,true,2024-08-31,No Active Plan,,,false,false,false,0,false,2,1,0,1,107,53.50,26.50,0.00,0.00,0.00,100.00,true,2024-09-03,2024-09-30,,70.00,,0.00,Low,Critical,Consolidate Seats
ACC00184,Global Works,,,39,1,0,1,0.00,true,,Basic,913,2022-02-02,false,false,false,0,false,2,1,0,0,60,60.00,37.50,50.00,50.00,0.00,50.00,false,2024-08-19,2024-08-19,,40.00,913,0.00,Low,At Risk,Consolidate Seats
ACC00185,Teck Works,Technology,2022-11-21,783,16,12,4,1.53,true,2024-09-29,Pro,252,2023-07-30,false,false,true,1,true,50,19,21,15,5326,115.78,52.43,26.00,16.00,12.00,70.00,false,2024-07-01,2024-09-29,100.00,40.00,252,80.00,High,At Risk,Consolidate Seats
ACC00186,Premier Systems Inc,Manufacturing,2023-12-31,153,1,0,1,0.00,true,,No Active Plan,,,false,false,false,0,false,2,1,1,1,30,30.00,68.50,50.00,50.00,0.00,50.00,false,2024-08-31,2024-09-23,,40.00,,0.00,Low,At Risk,Consolidate Seats
ACC00187,Smart Systems Llc,Finance,2024-02-21,268,1,0,1,0.00,true,,Enterprise,636,2023-05-28,true,true,true,3,true,3,2,1,1,105,35.00,58.00,33.33,33.33,0.00,66.67,false,2024-07-11,2024-09-18,75.00,40.00,636,70.00,Low,At Risk,Consolidate Seats
ACC00188,Digitl Solutions Llc,Healthcare,2023-12-26,32,6,6,0,18.75,true,2024-09-26,Basic,126,2023-06-18,false,false,false,0,false,14,6,4,6,1555,111.07,48.21,14.29,7.14,7.14,78.57,false,2024-07-06,2024-10-01,,40.00,126,0.00,Medium,At Risk,Consolidate Seats
ACC00189,Quantum Labs Inc,Technology,2023-03-16,46,1,1,0,2.17,true,2024-08-30,Pro,336,2023-11-04,false,false,true,1,true,2,2,1,0,498,249.00,39.50,0.00,0.00,0.00,100.00,true,2024-07-04,2024-07-22,0.00,80.00,336,64.00,Low,Critical,Consolidate Seats
ACC00190,Nextgen Enterprises Llc,Manufacturing,2022-04-29,62,2,2,0,3.23,true,2024-09-18,Enterprise,990,2022-03-27,false,true,true,2,true,7,3,2,3,541,90.17,43.71,0.00,28.57,28.57,71.43,false,2024-07-15,2024-09-16,75.00,50.00,990,57.00,Low,At Risk,Consolidate Seats
ACC00192,Golbal Ventures,Retail,2024-03-03,192,4,3,1,1.56,true,2024-08-28,Enterprise,638,,false,true,true,2,true,11,3,6,3,1043,94.82,58.55,9.09,18.18,0.00,72.73,false,2024-07-06,2024-10-01,75.00,40.00,638,71.00,Medium,At Risk,Consolidate Seats
ACC00193,Smart Industries Inc,Manufacturing,2022-09-09,225,17,12,5,5.33,true,2024-09-24,Pro,641,2023-07-16,true,false,true,2,true,47,18,27,9,4875,110.80,55.13,19.15,25.53,14.89,59.57,false,2024-07-03,2024-10-01,100.00,40.00,641,79.00,Medium,At Risk,Consolidate Seats
ACC00194,Tech Enterprises Llc,Manufacturing,2023-03-06,10,5,4,1,40.00,true,2024-09-14,Basic,125,2024-04-25,false,false,false,0,false,13,5,5,4,1019,92.64,44.36,7.69,0.00,15.38,84.62,false,2024-07-11,2024-09-24,,40.00,62.5,0.00,Medium,At Risk,Monitor
ACC00195,Nextgen Group,Technology,2023-10-15,,23,16,7,,false,2024-09-29,No Active Plan,,,false,false,false,0,false,73,24,38,15,9830,136.53,50.54,24.66,15.07,24.66,64.38,false,2024-07-02,2024-10-01,,0.00,0,0.00,High,Moderate,Monitor
ACC00196,Smart Enterprises,Retail,2022-03-18,50,1,1,0,2.00,true,2024-07-17,Pro,280,2022-10-04,true,true,false,2,true,3,1,2,0,99,33.00,68.33,0.00,0.00,0.00,100.00,true,2024-07-30,2024-09-23,0.00,80.00,280,65.00,Low,Critical,Consolidate Seats
ACC00197,Premier Enterprises,Education,2024-05-22,44,1,1,0,2.27,true,2024-08-18,Pro,289,2024-02-16,true,true,false,2,true,6,1,2,3,299,59.80,70.67,0.00,0.00,16.67,83.33,false,2024-07-11,2024-08-15,50.00,40.00,289,65.00,Low,At Risk,Consolidate Seats
ACC00198,Digital Enterprises Llc,Healthcare,,770,1,0,1,0.00,true,,Pro,232,,false,true,false,1,true,1,1,1,0,306,306.00,30.00,0.00,0.00,0.00,100.00,true,2024-08-29,2024-08-29,0.00,80.00,232,80.00,Low,Critical,Consolidate Seats
ACC00199,Innovative Systems Llc,,2022-03-28,,1,1,0,,false,2024-08-22,Enterprise,797,2023-03-22,false,false,true,1,true,2,1,0,0,90,45.00,36.50,0.00,0.00,0.00,100.00,true,2024-08-09,2024-09-01,0.00,40.00,797,,Low,At Risk,Feature Training
ACC00200,Innovative Systems,Healthcare,2023-03-20,58,1,1,0,1.72,true,2024-08-15,No Active Plan,,,false,false,false,0,false,2,1,1,1,187,93.50,52.50,0.00,0.00,50.00,50.00,false,2024-08-10,2024-09-23,,40.00,,0.00,Low,At Risk,Consolidate Seats
ACC00201,Innovative Labs Llc,Education,2023-07-18,25,3,3,0,12.00,true,2024-08-02,Pro,149,2023-06-22,false,false,false,0,false,7,3,1,3,717,102.43,57.29,14.29,28.57,28.57,71.43,false,2024-08-05,2024-09-26,,40.00,149,0.00,Low,At Risk,Consolidate Seats
ACC00202,Nextgen Works,,2023-07-12,195,0,0,0,0.00,true,,Basic,161,2023-03-27,false,false,false,0,false,0,0,0,0,0,0.00,0.00,0,0,0,0,false,,,,40.00,161,0.00,Inactive,At Risk,Re-engage - No Usage
ACC00203,Cloud Industries Llc,Manufacturing,2022-06-13,473,3,2,1,0.42,true,2024-08-04,Pro,293,2024-03-26,false,true,false,1,true,11,3,4,5,741,74.10,58.82,9.09,27.27,9.09,72.73,false,2024-07-05,2024-09-28,100.00,40.00,293,72.00,Medium,At Risk,Consolidate Seats
ACC00204,Digital Industries,Healthcare,2023-08-30,568,35,20,15,3.52,true,2024-09-28,Pro,232,2022-11-02,false,false,false,0,false,91,38,37,27,9399,109.29,50.75,16.48,24.18,15.38,67.03,false,2024-07-03,2024-09-30,,40.00,232,0.00,High,At Risk,Consolidate Seats
ACC00207,Advanced Industries Inc,,2023-10-27,776,36,26,10,3.35,true,2024-09-26,No Active Plan,,,false,false,false,0,false,93,38,32,33,7874,88.47,52.00,20.43,25.81,20.43,63.44,false,2024-07-02,2024-10-01,,40.00,,0.00,High,At Risk,Consolidate Seats
ACC00208,Digital Industries,Healthcare,2023-12-20,,3,2,1,,false,2024-09-24,Basic,143,2022-08-28,false,false,false,0,false,11,3,5,2,781,71.00,65.00,18.18,18.18,18.18,72.73,false,2024-07-04,2024-10-01,,0.00,0,0.00,Medium,Moderate,Monitor
ACC00209,Alpha Works,Technology,2022-11-24,291,2,2,0,0.69,true,2024-08-02,Pro,,2023-09-14,false,false,true,1,true,6,2,3,1,476,95.20,57.00,16.67,0.00,16.67,83.33,false,2024-07-17,2024-09-25,75.00,50.00,,81.00,Low,At Risk,Consolidate Seats
ACC00210,Cloud Partners Inc,Technology,,371,1,1,0,0.27,true,2024-08-04,Enterprise,606,2024-05-18,true,true,true,3,true,2,1,1,1,337,168.50,70.00,0.00,0.00,0.00,100.00,true,2024-08-24,2024-09-30,25.00,80.00,606,80.00,Low,Critical,Consolidate Seats
ACC00211,Nextgen Group Inc,Healthcare,2024-03-29,132,32,17,15,12.88,true,2024-09-21,Basic,145,2024-05-20,false,false,false,0,false,88,34,34,27,6746,82.27,46.90,21.59,17.05,23.86,64.77,false,2024-07-02,2024-09-30,,40.00,145,0.00,High,At Risk,Consolidate Seats
ACC00212,Advanced Dynamics,,2023-05-10,93,1,1,0,1.08,true,2024-08-28,Enterprise,882,2023-12-22,true,false,true,2,true,2,1,0,2,334,167.00,56.50,0.00,0.00,0.00,100.00,true,2024-07-01,2024-09-21,25.00,80.00,882,69.00,Low,Critical,Consolidate Seats
ACC00214,Advanced Systems Llc,Education,2023-04-30,152,32,21,11,13.82,true,2024-10-01,Enterprise,2123,2022-03-31,false,true,true,2,true,92,33,43,28,8452,97.15,53.13,11.96,16.30,18.48,71.74,false,2024-07-01,2024-10-01,100.00,40.00,2123,83.00,High,At Risk,Consolidate Seats
ACC00215,Beta Ventures Inc,Education,2022-10-03,45,23,18,5,40.00,true,2024-09-29,Basic,120,2024-01-01,false,false,false,0,false,65,24,28,18,6497,110.12,48.89,7.69,21.54,13.85,72.31,false,2024-07-04,2024-10-01,,40.00,60.0,0.00,High,At Risk,Upgrade to Pro
ACC00216,Nextgen Group,Manufacturing,2023-07-03,787,1,0,1,0.00,true,,Enterprise,2043,2023-04-08,true,true,true,3,true,3,1,3,0,158,52.67,79.00,33.33,0.00,66.67,0.00,false,2024-07-22,2024-08-14,50.00,50.00,2043,60.00,Low,At Risk,Consolidate Seats
ACC00218,Advanced Systems,,2024-01-15,25,1,1,0,4.00,true,2024-08-05,Pro,148,2022-08-11,false,false,false,0,false,2,1,1,1,93,93.00,55.00,50.00,0.00,50.00,50.00,false,2024-08-25,2024-08-27,,40.00,148,0.00,Low,At Risk,Consolidate Seats
ACC00219,Nextgen Partners,Retail,2022-06-03,76,5,3,2,3.95,true,2024-08-23,Enterprise,1621,2023-09-21,false,false,true,1,true,10,4,8,0,2209,220.90,49.90,20.00,10.00,10.00,80.00,false,2024-07-21,2024-09-20,75.00,40.00,1621,59.00,Medium,At Risk,Consolidate Seats
ACC00220,Smart Ventures,Manufacturing,2022-02-08,,1,0,1,,false,,Pro,,2022-04-06,false,true,false,1,true,4,1,1,2,404,134.67,29.67,0.00,0.00,0.00,100.00,true,2024-07-10,2024-08-31,25.00,40.00,,,Low,At Risk,Feature Training
ACC00222,Alpha Systems Inc,Finance,2023-06-12,46,3,2,1,4.35,true,2024-08-27,Pro,358,2022-07-07,false,false,true,1,true,3,2,1,0,469,156.33,45.00,0.00,0.00,0.00,100.00,true,2024-08-29,2024-09-28,0.00,80.00,358,64.00,Low,Critical,Consolidate Seats
ACC00223,Alpha Solutions Llc,Healthcare,2024-04-23,82,1,1,0,1.22,true,2024-07-18,Enterprise,515,2023-02-13,false,true,true,2,true,2,1,0,0,451,225.50,40.00,50.00,50.00,0.00,50.00,false,2024-07-06,2024-07-25,50.00,50.00,515,48.00,Low,At Risk,Consolidate Seats
ACC00224,Premier Dynamics,Education,2023-12-07,4,10,9,1,225.00,false,2024-10-01,Enterprise,397,2023-12-22,true,false,true,2,true,33,12,16,6,5042,162.65,51.88,15.15,15.15,6.06,75.76,false,2024-07-19,2024-09-30,100.00,0.00,0,36.00,Medium,Healthy,Monitor
ACC00225,Digital Works,Retail,2023-10-25,430,1,0,1,0.00,true,,Enterprise,1464,2024-01-01,false,false,true,1,true,7,1,3,2,1057,151.00,52.00,28.57,28.57,42.86,42.86,false,2024-07-27,2024-09-18,100.00,40.00,1464,61.00,Low,At Risk,Consolidate Seats
ACC00226,Quantum Labs,Retail,2023-06-18,,34,19,15,,false,2024-09-28,Pro,287,2023-12-18,false,false,true,1,true,92,35,29,38,10218,114.81,49.95,18.48,17.39,18.48,67.39,false,2024-07-01,2024-10-01,100.00,0.00,0,,High,Moderate,Monitor
ACC00227,Nextgen Industries,,2022-10-11,868,7,6,1,0.69,true,2024-09-28,No Active Plan,,,false,false,false,0,false,27,8,8,12,1840,76.67,39.96,14.81,18.52,22.22,66.67,false,2024-07-03,2024-09-29,,40.00,,0.00,Medium,At Risk,Consolidate Seats
ACC00228,Tech Industries,Education,2023-03-05,798,1,1,0,0.13,true,2024-08-30,Pro,375,2023-10-15,true,false,false,1,true,5,1,3,0,217,54.25,34.00,40.00,60.00,80.00,20.00,false,2024-07-02,2024-07-28,75.00,50.00,375,61.00,Low,At Risk,Consolidate Seats
ACC00229,Quantum Works,Finance,2024-05-15,772,1,1,0,0.13,true,2024-08-19,Basic,146,2023-11-15,false,false,false,0,false,0,0,0,0,0,0.00,0.00,0,0,0,0,false,,,,40.00,146,0.00,Inactive,At Risk,Re-engage - No Usage
ACC00230,Smart Ventures,Technology,2022-08-17,135,3,2,1,1.48,true,2024-09-26,Pro,303,2023-07-31,false,false,true,1,true,7,3,3,2,1068,178.00,52.67,0.00,0.00,0.00,100.00,true,2024-07-04,2024-09-22,25.00,80.00,303,74.00,Low,Critical,Consolidate Seats
ACC00231,Global Partners Llc,Healthcare,2023-11-29,64,19,18,1,28.13,true,2024-09-30,Pro,267,2022-08-04,false,false,false,0,false,56,24,26,13,4704,98.00,54.68,17.86,16.07,16.07,67.86,false,2024-07-01,2024-09-30,,40.00,133.5,0.00,High,At Risk,Consolidate Seats
ACC00232,Cloud Group,,2022-03-24,382,4,1,3,0.26,true,2024-08-15,Pro,276,2022-03-30,false,false,true,1,true,8,4,3,3,771,96.38,59.88,12.50,25.00,25.00,75.00,false,2024-07-15,2024-10-01,100.00,40.00,276,71.00,Low,At Risk,Consolidate Seats
ACC00233,Digital Dynamics,Healthcare,2023-10-11,173,1,1,0,0.58,true,2024-09-30,Basic,150,2023-11-23,false,false,false,0,false,4,1,2,1,305,76.25,27.00,25.00,25.00,25.00,50.00,false,2024-07-01,2024-08-18,,40.00,150,0.00,Low,At Risk,Consolidate Seats
ACC00235,Smart Dynamics Inc,Manufacturing,2023-12-05,176,1,1,0,0.57,true,2024-09-12,Pro,1385,2024-06-16,true,true,true,3,true,1,1,0,0,45,45.00,57.00,0.00,0.00,0.00,100.00,true,2024-07-15,2024-07-15,0.00,80.00,1385,77.00,Low,Critical,Consolidate Seats
ACC00236,Advanced Solutions Llc,Healthcare,2023-12-30,41,22,15,7,36.59,true,2024-09-30,Enterprise,1708,2022-11-13,true,true,false,2,true,79,21,41,16,7900,106.76,39.67,20.25,18.99,22.78,70.89,false,2024-07-01,2024-09-30,100.00,50.00,854.0,59.00,High,At Risk,Monitor
ACC00238,Smart Industries,,2022-04-27,102,1,1,0,0.98,true,2024-09-28,Pro,290,2023-09-05,false,true,false,1,true,3,1,3,0,534,178.00,73.33,0.00,0.00,0.00,100.00,true,2024-07-09,2024-09-15,0.00,70.00,290,70.00,Low,Critical,Consolidate Seats
ACC00239,Cloud Group Inc,Finance,2022-01-14,788,21,17,4,2.16,true,2024-09-29,Basic,130,2022-07-23,false,false,false,0,false,54,22,21,16,4056,82.78,51.10,22.22,20.37,12.96,68.52,false,2024-07-01,2024-10-01,,40.00,130,0.00,High,At Risk,Consolidate Seats
ACC00240,Nextgen Systmes,Education,2022-02-21,3,2,2,0,66.67,false,2024-09-21,Pro,235,2022-10-02,false,false,false,0,false,4,2,3,0,317,79.25,64.00,25.00,0.00,50.00,50.00,false,2024-07-03,2024-09-25,,0.00,0,0.00,Low,Moderate,Monitor
ACC00241,Advanced Systems Llc,Finance,2023-09-29,582,1,1,0,0.17,true,2024-08-29,No Active Plan,,,false,false,false,0,false,3,1,3,0,250,83.33,56.00,0.00,0.00,0.00,100.00,true,2024-07-05,2024-09-27,,70.00,,0.00,Low,Critical,Consolidate Seats
ACC00242,Premier Labs,Healthcare,2023-12-14,364,35,22,13,6.04,true,2024-09-22,Pro,363,2024-01-22,true,false,false,1,true,102,38,45,33,8711,92.67,51.84,18.63,13.73,14.71,74.51,false,2024-07-02,2024-10-01,100.00,40.00,363,90.00,High,At Risk,Consolidate Seats
ACC00243,Alpha Partners Inc,Healthcare,2023-05-15,,1,1,0,,false,2024-09-23,Pro,1899,2022-09-24,false,false,true,1,true,1,1,0,0,45,45.00,54.00,0.00,0.00,0.00,100.00,true,2024-08-12,2024-08-12,0.00,40.00,1899,,Low,At Risk,Feature Training
ACC00244,Beta Ventures,,2023-06-16,298,17,10,7,3.36,true,2024-09-26,Basic,159,2023-03-30,false,false,false,0,false,45,19,19,13,3938,93.76,51.26,31.11,24.44,22.22,57.78,false,2024-07-01,2024-09-28,,40.00,159,0.00,Medium,At Risk,Consolidate Seats
ACC00245,Beta Group Llc,Retail,2022-06-19,112,32,19,13,16.96,true,2024-10-01,No Active Plan,,,false,false,false,0,false,89,36,42,25,10443,122.86,49.88,16.85,16.85,19.10,71.91,false,2024-07-02,2024-09-30,,40.00,,0.00,High,At Risk,Consolidate Seats
ACC00246,Nextgen Group,Retail,2023-05-26,32,1,0,1,0.00,true,,Pro,259,2022-04-17,false,true,false,1,true,2,1,0,1,60,30.00,74.50,0.00,0.00,50.00,50.00,false,2024-07-25,2024-08-15,50.00,40.00,259,43.00,Low,At Risk,Consolidate Seats
ACC00248,Premier Enterprises,,2022-04-10,22,34,24,10,109.09,false,2024-10-01,Enterprise,1214,2022-07-24,true,true,false,2,true,97,37,38,35,8394,89.30,49.49,18.56,12.37,11.34,70.10,false,2024-07-01,2024-10-01,100.00,10.00,0,51.00,High,Healthy,Monitor
ACC00249,Nextgen Ventures Inc,Retail,2023-09-18,26,29,23,6,88.46,false,2024-10-01,No Active Plan,,,false,false,false,0,false,80,30,32,22,5867,80.37,52.31,18.75,12.50,17.50,73.75,false,2024-07-03,2024-10-01,,0.00,0,0.00,High,Healthy,Monitor
ACC00250,Cloud Systems,Retail,2023-08-27,,1,1,0,,false,2024-07-19,Enterprise,1482,2022-10-12,false,true,true,2,true,3,1,1,1,529,176.33,28.67,33.33,0.00,0.00,66.67,false,2024-07-02,2024-08-26,50.00,10.00,0,,Low,Moderate,Monitor
ACC00251,Alpha Partners,Healthcare,2022-05-12,821,1,0,1,0.00,true,,Enterprise,1550,2022-10-31,false,true,true,2,true,2,1,0,0,395,197.50,23.00,0.00,0.00,50.00,50.00,false,2024-08-01,2024-08-04,25.00,50.00,1550,60.00,Low,At Risk,Consolidate Seats
ACC00252,Alpha Works Llc,Retail,2024-02-06,761,1,1,0,0.13,true,2024-09-04,Pro,748,2024-04-11,false,false,true,1,true,2,2,2,0,313,156.50,68.00,0.00,0.00,0.00,100.00,true,2024-08-03,2024-08-22,0.00,80.00,748,80.00,Low,Critical,Consolidate Seats
ACC00253,Beta Works Llc,,2022-07-02,531,29,22,7,4.14,true,2024-10-01,Basic,157,2022-07-13,false,false,false,0,false,88,28,31,27,6567,77.26,44.92,17.05,17.05,23.86,67.05,false,2024-07-01,2024-10-01,,40.00,157,0.00,High,At Risk,Consolidate Seats
ACC00254,Alpha Industries,Manufacturing,2024-05-17,,1,1,0,,false,2024-07-24,Basic,174,2022-01-26,false,false,false,0,false,5,1,2,2,429,85.80,49.20,20.00,40.00,20.00,60.00,false,2024-07-16,2024-08-31,,0.00,0,0.00,Low,Moderate,Monitor
ACC00256,Nextgen Group Llc,Finance,2024-03-18,,1,0,1,,false,,Pro,265,2023-08-09,true,false,false,1,true,3,1,0,2,388,129.33,48.33,0.00,0.00,0.00,100.00,true,2024-07-26,2024-09-03,25.00,30.00,265,,Low,At Risk,Feature Training
ACC00257,Premier Works,Manufacturing,2022-07-21,502,7,7,0,1.39,true,2024-09-12,Pro,243,2024-02-13,false,false,true,1,true,27,6,7,10,3534,130.89,54.33,7.41,14.81,14.81,74.07,false,2024-07-01,2024-09-28,100.00,40.00,243,75.00,Medium,At Risk,Consolidate Seats
ACC00259,Beta Industries,Technology,2022-11-22,,2,1,1,,false,2024-07-08,Pro,2065,2023-07-20,true,true,true,3,true,6,2,2,2,896,179.20,39.00,33.33,16.67,16.67,66.67,false,2024-08-06,2024-09-27,100.00,10.00,0,,Low,Moderate,Monitor
ACC00260,Advanced Systems Llc,,2023-07-29,210,1,0,1,0.00,true,,Enterprise,1274,2022-06-24,true,false,true,2,true,5,1,2,1,191,47.75,47.75,0.00,20.00,0.00,80.00,false,2024-07-09,2024-08-10,50.00,40.00,1274,71.00,Low,At Risk,Consolidate Seats
ACC00261,Beta Industries,Technology,2023-07-08,34,1,1,0,2.94,true,2024-07-31,Pro,1870,2023-08-22,true,true,false,2,true,7,1,3,3,541,90.17,43.86,14.29,0.00,0.00,85.71,false,2024-07-02,2024-09-15,50.00,50.00,1870,64.00,Low,At Risk,Consolidate Seats
ACC00262,Premier Partners Llc,Healthcare,2024-03-02,5,5,5,0,100.00,false,2024-09-02,Enterprise,727,2022-05-03,true,false,true,2,true,15,5,7,5,1115,79.64,46.40,6.67,20.00,13.33,73.33,false,2024-07-21,2024-09-27,100.00,0.00,0,33.00,Medium,Healthy,Monitor
ACC00263,Beta Group,Retail,2022-03-15,30,7,5,2,16.67,true,2024-09-30,Basic,178,2023-04-02,false,false,false,0,false,36,10,15,12,3077,93.24,48.85,27.78,11.11,13.89,69.44,false,2024-07-02,2024-10-01,,40.00,178,0.00,Medium,At Risk,Consolidate Seats
ACC00267,Tech Industries,Finance,2023-10-24,12,1,1,0,8.33,true,2024-08-30,Basic,169,2023-07-01,false,false,false,0,false,2,2,1,1,30,15.00,62.50,0.00,0.00,0.00,100.00,true,2024-08-03,2024-08-13,,70.00,169,0.00,Low,Critical,Consolidate Seats
ACC00268,Innovative Industries,Retail,2022-03-16,7,32,25,7,357.14,false,2024-09-26,Enterprise,1230,2023-06-22,true,true,true,3,true,75,34,33,23,6554,94.99,47.66,18.67,12.00,16.00,76.00,false,2024-07-05,2024-09-30,100.00,10.00,0,45.00,High,Healthy,Monitor
ACC00269,Cloud Dynamics,Retail,2023-09-24,357,25,22,3,6.16,true,2024-10-01,Pro,321,2022-12-02,true,false,false,1,true,71,26,29,20,8086,115.51,43.29,12.68,19.72,14.08,69.01,false,2024-07-01,2024-10-01,100.00,40.00,321,84.00,High,At Risk,Consolidate Seats
ACC00270,Advanced Dynamics Inc,Finance,2024-01-21,165,1,0,1,0.00,true,,No Active Plan,346,2022-12-07,false,false,false,0,false,1,1,0,0,60,60.00,50.00,0.00,0.00,0.00,100.00,true,2024-07-05,2024-07-05,,70.00,346,0.00,Low,Critical,Consolidate Seats
ACC00271,Innovative Industries Inc,,2022-03-19,,6,5,1,,false,2024-09-28,Pro,334,2024-03-20,false,true,false,1,true,18,6,7,8,1533,85.17,61.50,16.67,5.56,22.22,72.22,false,2024-07-13,2024-09-09,100.00,0.00,0,,Medium,Moderate,Monitor
ACC00272,Digital Solutions,Healthcare,2022-08-17,125,3,3,0,2.40,true,2024-08-14,Pro,366,2022-10-21,true,true,false,2,true,6,3,3,0,381,95.25,58.83,0.00,0.00,0.00,100.00,true,2024-07-11,2024-09-20,0.00,80.00,366,73.00,Low,Critical,Consolidate Seats
ACC00273,Cloud Ventures Inc,Manufacturing,2022-06-13,876,1,1,0,0.11,true,2024-09-25,Enterprise,602,2022-07-14,true,true,false,2,true,1,1,1,0,0,0.00,31.00,0.00,0.00,100.00,0.00,false,2024-08-02,2024-08-02,25.00,50.00,602,60.00,Low,At Risk,Consolidate Seats
ACC00274,Cloud Solutons Inc,Finance,2023-04-11,42,9,8,1,19.05,true,2024-09-16,Enterprise,1120,2024-05-28,false,false,true,1,true,29,10,9,13,2421,86.46,46.74,20.69,13.79,24.14,68.97,false,2024-07-01,2024-10-01,100.00,40.00,1120,59.00,Medium,At Risk,Consolidate Seats
ACC00275,Smart Labs,Manufacturing,2024-05-05,108,17,13,4,12.04,true,2024-09-20,Pro,256,2022-02-09,true,false,false,1,true,42,18,13,19,3732,103.67,49.93,11.90,14.29,16.67,76.19,false,2024-07-05,2024-10-01,100.00,40.00,256,68.00,Medium,At Risk,Consolidate Seats
ACC00276,Premier Partners,Education,2023-10-21,11,1,1,0,9.09,true,2024-07-13,Enterprise,1237,2022-02-01,true,true,true,3,true,2,1,2,0,328,164.00,44.00,50.00,50.00,0.00,50.00,false,2024-08-16,2024-09-28,50.00,50.00,1237,41.00,Low,At Risk,Consolidate Seats
ACC00277,Digital Group,Healthcare,2023-10-25,3,1,1,0,33.33,true,2024-08-27,Basic,124,2024-02-12,false,false,false,0,false,4,1,3,0,217,54.25,42.67,0.00,25.00,25.00,75.00,false,2024-07-11,2024-09-25,,40.00,62.0,0.00,Low,At Risk,Monitor
ACC00278,Nextgen Solutions,Manufacturing,2023-09-06,937,29,21,8,2.24,true,2024-09-29,Enterprise,2053,2022-02-13,true,false,true,2,true,76,30,25,26,6772,96.74,49.26,26.32,22.37,19.74,64.47,false,2024-07-07,2024-10-01,100.00,40.00,2053,85.00,High,At Risk,Consolidate Seats
ACC00279,Digital Partners,Retail,2024-03-24,839,1,0,1,0.00,true,,Pro,251,2023-05-31,true,true,false,2,true,4,1,2,2,135,45.00,52.50,0.00,0.00,25.00,75.00,false,2024-07-02,2024-09-21,50.00,40.00,251,70.00,Low,At Risk,Consolidate Seats
ACC00280,Cloud Partners,Technology,2024-05-30,354,5,3,2,0.85,true,2024-09-04,Enterprise,1392,2022-06-22,true,false,true,2,true,12,5,4,4,1023,85.25,54.67,8.33,8.33,25.00,66.67,false,2024-07-04,2024-09-30,100.00,50.00,1392,72.00,Medium,At Risk,Consolidate Seats
ACC00281,Alpha Solutions,,2023-09-10,50,36,25,11,50.00,false,2024-09-30,Pro,373,2024-03-24,true,false,false,1,true,108,42,62,19,10064,99.64,54.18,25.00,26.85,24.07,58.33,false,2024-07-01,2024-09-29,100.00,0.00,0,55.00,High,Moderate,Monitor
ACC00282,Tech Ventures,Finance,2024-01-30,790,6,2,4,0.25,true,2024-08-30,Pro,305,2023-03-27,false,true,false,1,true,14,5,4,6,1156,88.92,68.00,21.43,14.29,21.43,78.57,false,2024-07-17,2024-09-23,100.00,40.00,305,72.00,Medium,At Risk,Consolidate Seats
ACC00283,Digital Systems Llc,Technology,2022-05-01,103,1,1,0,0.97,true,2024-08-25,Pro,302,2023-02-15,false,false,true,1,true,1,1,1,0,62,62.00,18.00,0.00,0.00,0.00,100.00,true,2024-09-22,2024-09-22,0.00,80.00,302,70.00,Low,Critical,Consolidate Seats
ACC00284,Innovative Group,Finance,2023-11-28,36,32,21,11,58.33,false,2024-09-28,Pro,276,2022-03-29,false,false,false,0,false,88,35,33,25,7704,91.71,49.89,19.32,20.45,23.86,68.18,false,2024-07-01,2024-10-01,,0.00,0,0.00,High,Moderate,Monitor
ACC00285,Nextgen Partners Inc,,2022-08-24,366,3,3,0,0.82,true,2024-09-13,Enterprise,1525,2022-03-14,true,true,false,2,true,5,4,3,2,399,79.80,64.75,40.00,20.00,20.00,60.00,false,2024-07-05,2024-08-03,100.00,40.00,1525,71.00,Low,At Risk,Consolidate Seats
ACC00286,Nextgen Industries,Technology,2024-04-23,646,12,9,3,1.39,true,2024-09-26,Enterprise,579,2022-09-22,true,true,false,2,true,32,13,13,10,3770,121.61,55.61,12.50,15.63,18.75,75.00,false,2024-07-04,2024-10-01,100.00,40.00,579,76.00,Medium,At Risk,Consolidate Seats
ACC00287,Alpha Solutions,Education,2023-09-04,380,1,1,0,0.26,true,2024-09-19,Pro,293,,false,false,true,1,true,2,1,2,0,149,74.50,24.00,0.00,50.00,0.00,50.00,false,2024-08-15,2024-08-20,25.00,40.00,293,60.00,Low,At Risk,Consolidate Seats
ACC00288,Beta Ventures Inc,Healthcare,2023-01-04,11,3,2,1,18.18,true,2024-08-03,Basic,256,2022-06-15,false,false,false,0,false,10,3,4,2,964,96.40,53.20,0.00,0.00,0.00,100.00,true,2024-07-06,2024-09-26,,70.00,256,0.00,Medium,Critical,Consolidate Seats
ACC00289,Beta Group,Manufacturing,2024-04-29,139,1,0,1,0.00,true,,Basic,131,2023-12-28,false,false,false,0,false,6,1,4,2,669,111.50,55.67,0.00,16.67,16.67,83.33,false,2024-07-04,2024-09-24,,40.00,131,0.00,Low,At Risk,Consolidate Seats
ACC00290,Digital Partners,Technology,2023-05-31,726,33,28,5,3.86,true,2024-09-30,Pro,269,2023-05-28,false,false,true,1,true,110,40,56,31,10707,102.95,49.51,22.73,20.91,25.45,60.00,false,2024-07-02,2024-09-28,100.00,40.00,269,90.00,High,At Risk,Consolidate Seats
ACC00291,Alpha Labs,Finance,2023-04-15,229,3,2,1,0.87,true,2024-09-25,Basic,203,2024-02-20,false,false,false,0,false,11,4,4,3,834,83.40,64.73,9.09,9.09,9.09,81.82,false,2024-07-11,2024-09-15,,40.00,203,0.00,Medium,At Risk,Consolidate Seats
ACC00292,Digital Works,,2022-09-12,,1,1,0,,false,2024-07-05,No Active Plan,,,false,false,false,0,false,0,0,0,0,0,0.00,0.00,0,0,0,0,false,,,,0.00,0,0.00,Inactive,Moderate,Re-engage - No Usage
ACC00293,Alpha Labs Llc,Education,2022-09-29,16,1,1,0,6.25,true,2024-08-22,Enterprise,1891,2022-04-15,true,false,true,2,true,4,1,1,2,272,68.00,46.00,25.00,25.00,0.00,75.00,false,2024-07-01,2024-09-27,75.00,40.00,1891,51.00,Low,At Risk,Consolidate Seats
ACC00294,Global Systems,Manufacturing,2024-05-18,705,1,1,0,0.14,true,2024-08-10,Enterprise,1710,2023-12-25,true,true,true,3,true,4,1,2,1,218,72.67,65.00,25.00,50.00,0.00,50.00,false,2024-08-26,2024-09-29,75.00,40.00,1710,60.00,Low,At Risk,Consolidate Seats
ACC00295,Smart Partners Llc,Healthcare,,,8,4,4,,false,2024-09-13,Basic,130,2022-06-22,false,false,false,0,false,26,11,9,10,2531,101.24,45.63,11.54,19.23,3.85,80.77,false,2024-07-01,2024-09-30,,0.00,0,0.00,Medium,At Risk,Monitor
ACC00296,Innovative Partners,Technology,2023-01-24,117,32,21,11,17.95,true,2024-09-29,Basic,252,2024-03-11,false,false,false,0,false,85,31,33,24,10242,124.90,47.40,16.47,16.47,16.47,70.59,false,2024-07-01,2024-09-30,,40.00,252,0.00,High,At Risk,Consolidate Seats
ACC00297,Alpha Enterprises Inc,Finance,2022-07-04,903,1,1,0,0.11,true,2024-08-21,Basic,164,2023-04-23,false,false,false,0,false,3,1,0,1,382,127.33,26.67,0.00,33.33,0.00,66.67,false,2024-07-14,2024-08-27,,40.00,164,0.00,Low,At Risk,Consolidate Seats
ACC00298,Digital Ventures,Technology,2023-05-27,846,4,1,3,0.12,true,2024-07-12,Basic,124,2022-01-26,false,false,false,0,false,9,4,5,2,918,102.00,48.78,22.22,22.22,11.11,77.78,false,2024-08-06,2024-10-01,,40.00,124,0.00,Low,At Risk,Consolidate Seats
ACC00299,Smart Labs,Technology,2022-09-18,661,8,5,3,0.76,true,2024-09-23,Pro,285,2022-07-03,false,true,false,1,true,27,11,12,8,2881,125.26,47.81,11.11,14.81,18.52,74.07,false,2024-07-02,2024-10-01,100.00,50.00,285,75.00,Medium,At Risk,Consolidate Seats
ACC00300,Nextgen Labs Inc,Manufacturing,2023-10-27,492,2,1,1,0.20,true,2024-07-28,Pro,225,2024-06-18,false,false,false,0,false,4,2,1,3,124,41.33,34.25,0.00,0.00,25.00,75.00,false,2024-07-11,2024-09-21,,40.00,225,0.00,Low,At Risk,Consolidate Seats
ACC00301,Quantum Partners,Healthcare,2023-10-18,197,15,10,5,5.08,true,2024-09-29,Pro,260,2022-09-27,false,false,true,1,true,42,17,21,8,4204,102.54,54.87,7.14,9.52,7.14,85.71,false,2024-07-02,2024-09-19,100.00,50.00,260,87.00,Medium,At Risk,Consolidate Seats
ACC00304,Alpha Dynamics Llc,Retail,2022-05-15,3,2,0,2,0.00,true,,Basic,165,2022-12-04,false,false,false,0,false,6,2,2,3,275,55.00,74.50,0.00,16.67,0.00,83.33,false,2024-07-05,2024-09-13,,40.00,165,0.00,Low,At Risk,Consolidate Seats
ACC00305,Premier Partners,,2023-08-29,852,1,1,0,0.12,true,2024-09-08,Pro,304,2023-05-04,false,true,false,1,true,1,1,0,0,45,45.00,59.00,0.00,0.00,0.00,100.00,true,2024-07-26,2024-07-26,0.00,70.00,304,80.00,Low,Critical,Consolidate Seats
ACC00306,Nextgen Labs,Education,2022-09-24,34,17,9,8,26.47,true,2024-09-27,No Active Plan,,,false,false,false,0,false,68,19,25,25,6697,103.03,49.43,17.65,13.24,17.65,69.12,false,2024-07-03,2024-10-01,,40.00,,0.00,High,At Risk,Consolidate Seats
ACC00307,Premier Ventures Llc,,2022-01-08,36,3,3,0,8.33,true,2024-07-13,Enterprise,613,2022-02-22,true,false,true,2,true,11,4,5,3,1782,162.00,44.40,27.27,18.18,36.36,63.64,false,2024-07-08,2024-09-04,100.00,40.00,613,55.00,Medium,At Risk,Consolidate Seats
ACC00308,Beta Group,,2023-12-03,745,1,0,1,0.00,true,,Pro,236,2022-06-03,false,true,false,1,true,2,2,1,1,124,62.00,45.50,50.00,0.00,0.00,50.00,false,2024-07-23,2024-08-15,50.00,50.00,236,60.00,Low,At Risk,Consolidate Seats
ACC00309,Innovative Dynamics Llc,Healthcare,2022-06-05,98,3,2,1,2.04,true,2024-09-29,No Active Plan,,,false,false,false,0,false,4,3,2,2,907,226.75,64.00,25.00,25.00,0.00,75.00,false,2024-07-07,2024-08-21,,40.00,,0.00,Low,At Risk,Consolidate Seats
ACC00310,Premier Solutions Inc,Retail,2023-04-20,6,7,6,1,100.00,false,2024-08-28,No Active Plan,,,false,false,false,0,false,21,6,10,5,1035,54.47,39.50,14.29,23.81,19.05,71.43,false,2024-07-06,2024-09-29,,0.00,0,0.00,Medium,Healthy,Monitor
ACC00312,Tech Works,Retail,2022-11-16,,7,6,1,,false,2024-09-19,Pro,343,2023-10-02,true,true,false,2,true,18,7,7,5,1962,109.00,59.89,16.67,11.11,11.11,83.33,false,2024-07-01,2024-09-27,100.00,0.00,0,,Medium,At Risk,Monitor
ACC00313,Beta Labs Llc,,2022-01-16,81,3,3,0,3.70,true,2024-08-30,Pro,332,2022-03-05,true,true,false,2,true,11,2,5,4,1405,127.73,46.70,27.27,18.18,9.09,72.73,false,2024-07-01,2024-09-30,100.00,50.00,332,60.00,Medium,At Risk,Consolidate Seats
ACC00314,Alpha Partners,Retail,2023-09-26,978,6,3,3,0.31,true,2024-09-15,Pro,345,2024-02-03,false,false,false,0,false,17,6,7,4,1540,96.25,40.38,11.76,0.00,5.88,82.35,false,2024-07-06,2024-09-25,,40.00,345,0.00,Medium,At Risk,Consolidate Seats
ACC00315,Quantum Ventures,,2024-04-04,222,1,1,0,0.45,true,2024-07-29,Enterprise,919,2022-10-21,false,true,true,2,true,7,1,3,2,568,81.14,55.00,14.29,14.29,14.29,85.71,false,2024-07-02,2024-09-29,100.00,40.00,919,81.00,Low,At Risk,Consolidate Seats
ACC00316,Tech Partners,Manufacturing,2022-12-23,192,24,20,4,10.42,true,2024-09-30,Pro,330,2022-07-11,false,false,true,1,true,68,27,32,14,7276,117.35,54.32,14.71,23.53,19.12,63.24,false,2024-07-02,2024-09-29,100.00,40.00,330,82.00,High,At Risk,Consolidate Seats
ACC00317,Smart Ventures Inc,Technology,2023-01-08,,23,15,8,,false,2024-09-25,Basic,153,2022-10-24,false,false,false,0,false,52,22,19,19,4970,97.45,49.83,17.31,15.38,21.15,71.15,false,2024-07-01,2024-09-30,,0.00,0,0.00,High,Moderate,Upgrade to Pro
ACC00318,Beta Partners,Finance,2023-06-20,9,1,1,0,11.11,true,2024-08-04,Basic,129,2023-08-30,false,false,false,0,false,1,1,0,0,107,107.00,31.00,0.00,100.00,100.00,0.00,false,2024-09-09,2024-09-09,,40.00,129,0.00,Low,At Risk,Consolidate Seats
ACC00320,Global Partners,Finance,2022-03-01,61,3,3,0,4.92,true,2024-09-24,No Active Plan,,,false,false,false,0,false,5,3,5,0,439,87.80,43.00,0.00,0.00,0.00,100.00,true,2024-07-17,2024-09-18,,70.00,,0.00,Low,Critical,Consolidate Seats
ACC00322,Quantum Group,Finance,2023-07-01,141,33,25,8,17.73,true,2024-09-29,Basic,138,2022-04-12,false,false,false,0,false,90,32,37,28,9953,118.49,50.56,21.11,23.33,21.11,61.11,false,2024-07-02,2024-09-29,,40.00,138,0.00,High,At Risk,Consolidate Seats
ACC00323,Cloud Group,Manufacturing,2023-01-20,461,1,1,0,0.22,true,2024-08-03,No Active Plan,,,false,false,false,0,false,2,1,1,1,30,30.00,62.50,0.00,0.00,0.00,100.00,true,2024-09-05,2024-09-13,,70.00,,0.00,Low,Critical,Consolidate Seats
ACC00324,Tech Solutions,Education,,,1,1,0,,false,2024-08-24,Enterprise,1960,2022-01-19,true,false,true,2,true,2,1,2,0,75,37.50,29.50,0.00,50.00,0.00,50.00,false,2024-07-22,2024-08-01,25.00,10.00,0,,Low,Moderate,Monitor
ACC00325,Nextgen Ventures,Education,2023-08-20,127,1,1,0,0.79,true,2024-09-12,Enterprise,1231,2022-09-15,false,false,true,1,true,3,2,1,1,135,45.00,31.00,0.00,0.00,0.00,100.00,true,2024-08-31,2024-09-25,25.00,80.00,1231,72.00,Low,Critical,Consolidate Seats
ACC00326,Quantum Systems,,2024-04-19,,2,2,0,,false,2024-08-24,Enterprise,2008,2022-02-25,true,true,true,3,true,4,2,2,1,90,30.00,76.75,25.00,0.00,0.00,75.00,false,2024-07-04,2024-09-28,50.00,10.00,0,,Low,Moderate,Monitor
ACC00327,Cloud Enterprises,Education,2024-05-19,50,4,3,1,6.00,true,2024-08-03,Pro,247,2022-06-11,true,false,false,1,true,13,5,4,5,1206,92.77,63.67,30.77,23.08,15.38,69.23,false,2024-07-04,2024-09-29,100.00,40.00,247,57.00,Medium,At Risk,Consolidate Seats
ACC00328,Cloud Ventures,,2023-02-07,790,1,1,0,0.13,true,2024-07-02,Basic,128,2022-08-02,false,false,false,0,false,4,1,3,1,105,35.00,31.50,25.00,0.00,0.00,75.00,false,2024-09-09,2024-09-27,,40.00,128,0.00,Low,At Risk,Consolidate Seats
ACC00329,Advanced Dynamics Inc,Manufacturing,2023-12-16,36,2,2,0,5.56,true,2024-09-29,Enterprise,570,2024-03-08,false,true,true,2,true,3,2,2,1,361,120.33,47.33,0.00,0.00,0.00,100.00,true,2024-07-11,2024-09-27,25.00,80.00,570,63.00,Low,Critical,Consolidate Seats
ACC00330,Nextgen Industries,Retail,2023-08-13,634,15,7,8,1.10,true,2024-09-16,Basic,140,2023-05-22,false,false,false,0,false,47,17,19,16,4416,102.70,55.49,12.77,10.64,14.89,78.72,false,2024-07-02,2024-09-30,,40.00,140,0.00,Medium,At Risk,Consolidate Seats
ACC00331,Beta Solutions,Retail,2023-03-28,405,1,0,1,0.00,true,,Basic,122,2022-02-24,false,false,false,0,false,2,1,1,1,140,70.00,70.00,0.00,0.00,0.00,100.00,true,2024-07-04,2024-07-16,,70.00,122,0.00,Low,Critical,Consolidate Seats
ACC00332,Global Systems,Education,,,2,1,1,,false,2024-08-02,Basic,153,2023-11-14,false,false,false,0,false,5,2,2,2,739,147.80,67.67,20.00,0.00,40.00,40.00,false,2024-07-21,2024-09-24,,0.00,0,0.00,Low,Moderate,Monitor
ACC00333,Nextgen Ventures,,2022-01-19,,7,6,1,,false,2024-08-01,No Active Plan,,,false,false,false,0,false,18,7,4,5,1717,95.39,51.17,5.56,22.22,16.67,72.22,false,2024-07-08,2024-09-29,,0.00,0,0.00,Medium,Moderate,Monitor
ACC00334,Quantum Industries Inc,,2022-04-21,865,5,5,0,0.58,true,2024-09-17,Basic,133,2023-02-22,false,false,false,0,false,16,5,6,6,1254,83.60,56.56,6.25,6.25,12.50,81.25,false,2024-07-04,2024-10-01,,40.00,133,0.00,Medium,At Risk,Consolidate Seats
ACC00335,Quantum Systems,Healthcare,2023-04-14,241,1,1,0,0.41,true,2024-09-24,Pro,239,2022-10-09,false,true,false,1,true,3,1,2,0,197,65.67,70.33,0.00,33.33,0.00,66.67,false,2024-07-27,2024-08-20,25.00,40.00,239,70.00,Low,At Risk,Consolidate Seats
ACC00336,Advanced Dynamics Llc,Manufacturing,2022-03-05,231,5,5,0,2.16,true,2024-09-27,Basic,140,2022-08-14,false,false,false,0,false,17,6,8,5,1526,95.38,56.00,11.76,17.65,17.65,64.71,false,2024-07-12,2024-09-26,,40.00,140,0.00,Medium,At Risk,Consolidate Seats
ACC00337,Cloud Group,,2023-12-04,10,1,1,0,10.00,true,2024-08-19,Pro,276,2022-12-26,false,false,false,0,false,4,1,1,0,247,61.75,69.75,25.00,0.00,0.00,75.00,false,2024-07-06,2024-09-09,,40.00,276,0.00,Low,At Risk,Consolidate Seats
ACC00338,Premier Ventures Llc,Healthcare,2023-12-24,641,1,1,0,0.16,true,2024-07-09,Enterprise,1964,2024-06-22,true,false,true,2,true,5,1,2,2,255,51.00,38.75,60.00,20.00,40.00,40.00,false,2024-07-04,2024-09-21,100.00,40.00,1964,61.00,Low,At Risk,Consolidate Seats
ACC00339,Alpha Dynamics Llc,Technology,2023-02-28,121,14,12,2,9.92,true,2024-10-01,Basic,165,2022-04-10,false,false,false,0,false,31,13,14,8,2241,80.04,53.00,16.13,12.90,16.13,74.19,false,2024-07-19,2024-09-30,,40.00,165,0.00,Medium,At Risk,Consolidate Seats
ACC00340,Tech Industries,Education,2023-01-03,338,4,2,2,0.59,true,2024-08-08,Enterprise,1157,2022-03-07,false,false,true,1,true,16,4,5,6,1201,85.79,46.15,12.50,12.50,12.50,75.00,false,2024-07-08,2024-09-26,100.00,40.00,1157,73.00,Medium,At Risk,Consolidate Seats
ACC00341,Cloud Dynamics,Retail,2023-11-19,268,1,1,0,0.37,true,2024-08-27,Basic,,2023-02-20,false,false,false,0,false,1,1,0,1,72,72.00,45.00,0.00,0.00,0.00,100.00,true,2024-07-03,2024-07-03,,70.00,,0.00,Low,Critical,Consolidate Seats
ACC00342,Alpha Partners,Technology,2024-04-24,197,25,16,9,8.12,true,2024-09-28,Enterprise,1359,2022-06-05,false,false,true,1,true,58,25,29,14,5328,96.87,54.71,18.97,15.52,15.52,77.59,false,2024-07-07,2024-09-30,100.00,40.00,1359,80.00,High,At Risk,Consolidate Seats
ACC00343,Tech Ventures Inc,Manufacturing,2024-01-23,63,1,0,1,0.00,true,,Enterprise,1822,2024-04-15,true,true,true,3,true,2,1,1,1,171,85.50,71.00,50.00,0.00,50.00,0.00,false,2024-08-04,2024-09-08,75.00,50.00,1822,46.00,Low,At Risk,Consolidate Seats
ACC00344,Smart Partners Inc,Retail,2023-04-08,97,1,0,1,0.00,true,,No Active Plan,1635,2022-08-03,false,false,false,0,false,3,1,2,1,184,61.33,59.00,0.00,33.33,33.33,66.67,false,2024-07-03,2024-09-25,,40.00,1635,0.00,Low,At Risk,Consolidate Seats
ACC00345,Innovative Group,,2023-04-11,92,1,0,1,0.00,true,,Basic,126,2022-01-04,false,false,false,0,false,3,1,2,0,120,40.00,69.00,0.00,33.33,0.00,66.67,false,2024-08-07,2024-09-06,,40.00,126,0.00,Low,At Risk,Consolidate Seats
ACC00346,Premier Enterprises Llc,Healthcare,2023-01-25,22,35,20,15,90.91,false,2024-09-28,Enterprise,1033,2022-04-23,false,true,true,2,true,85,30,37,21,8262,99.54,54.06,15.29,17.65,18.82,69.41,false,2024-07-01,2024-10-01,100.00,0.00,0,49.00,High,Healthy,Monitor
ACC00347,Innovative Dynamics,Retail,2022-07-05,,1,0,1,,false,,Basic,125,2022-08-28,false,false,false,0,false,5,1,0,4,524,104.80,40.80,20.00,60.00,0.00,40.00,false,2024-07-07,2024-09-07,,0.00,0,0.00,Low,Moderate,Monitor
ACC00349,Nextgen Works Inc,,2022-03-31,96,1,0,1,0.00,true,,Enterprise,1350,2022-12-04,true,false,true,2,true,7,1,1,2,697,99.57,58.71,0.00,0.00,0.00,100.00,true,2024-07-10,2024-09-22,25.00,80.00,1350,70.00,Low,Critical,Consolidate Seats
ACC00350,Quantum Industries,Finance,2022-04-06,148,4,2,2,1.35,true,2024-09-10,Basic,126,2023-03-21,false,false,false,0,false,13,5,7,4,739,73.90,49.46,15.38,23.08,15.38,69.23,false,2024-07-03,2024-09-26,,40.00,126,0.00,Medium,At Risk,Consolidate Seats
ACC00351,Global Labs,Retail,2023-12-14,37,2,1,1,2.70,true,2024-07-05,Pro,295,2023-05-16,false,false,false,0,false,7,3,1,1,775,110.71,58.17,14.29,0.00,14.29,85.71,false,2024-07-19,2024-09-25,,40.00,295,0.00,Low,At Risk,Consolidate Seats
ACC00352,Premier Industries,Finance,2023-08-12,84,9,5,4,5.95,true,2024-09-22,Enterprise,1167,2023-06-19,true,false,true,2,true,36,10,17,10,2903,93.65,56.18,8.33,11.11,11.11,75.00,false,2024-07-01,2024-09-30,100.00,40.00,1167,65.00,Medium,At Risk,Consolidate Seats
ACC00353,Premier Partners,Healthcare,,81,1,1,0,1.23,true,2024-08-29,Basic,131,2023-02-10,false,false,false,0,false,3,1,3,0,631,210.33,49.33,0.00,33.33,0.00,66.67,false,2024-07-24,2024-09-14,,40.00,131,0.00,Low,At Risk,Consolidate Seats
ACC00354,Advanced Group Inc,,2024-03-20,191,1,1,0,0.52,true,2024-07-01,Pro,273,2022-07-06,false,false,true,1,true,6,3,2,2,979,163.17,73.40,33.33,0.00,33.33,50.00,false,2024-07-02,2024-09-05,75.00,50.00,273,60.00,Low,At Risk,Consolidate Seats
ACC00356,Nextgen Enterprises,Manufacturing,2022-11-20,37,31,22,9,59.46,false,2024-09-29,Enterprise,833,2022-07-12,true,false,true,2,true,85,32,42,20,8869,110.86,54.53,16.47,16.47,18.82,70.59,false,2024-07-01,2024-10-01,100.00,0.00,0,50.00,High,Moderate,Monitor
ACC00357,Cloud Systems,Healthcare,2023-02-03,49,6,5,1,10.20,true,2024-09-26,Basic,175,2023-02-26,false,false,false,0,false,14,6,5,4,707,54.38,59.93,7.14,21.43,14.29,71.43,false,2024-07-13,2024-09-23,,40.00,175,0.00,Medium,At Risk,Consolidate Seats
ACC00358,Smart Group Llc,Manufacturing,2022-04-25,13,23,16,7,123.08,false,2024-09-29,Enterprise,1076,2023-02-04,true,false,true,2,true,63,21,26,19,5204,89.72,48.48,19.05,14.29,25.40,66.67,false,2024-07-03,2024-09-30,100.00,0.00,0,43.00,High,Healthy,Monitor
ACC00361,Digital Enterprises Inc,Education,2022-10-08,774,1,1,0,0.13,true,2024-08-08,Enterprise,1767,2023-05-21,false,false,true,1,true,3,1,1,0,330,110.00,64.00,0.00,0.00,33.33,66.67,false,2024-07-12,2024-07-25,25.00,50.00,1767,70.00,Low,At Risk,Consolidate Seats
ACC00362,Cloud Labs Llc,Manufacturing,2022-05-14,252,9,5,4,1.98,true,2024-09-28,Enterprise,1868,2022-12-23,true,true,true,3,true,21,8,7,7,1998,99.90,54.74,28.57,33.33,19.05,61.90,false,2024-07-16,2024-09-27,100.00,40.00,1868,74.00,Medium,At Risk,Consolidate Seats
ACC00363,Innovative Industries,Finance,2024-04-17,,8,8,0,,false,2024-08-26,Pro,299,2022-06-08,false,true,false,1,true,31,9,12,10,2682,86.52,50.74,38.71,32.26,32.26,45.16,false,2024-07-02,2024-09-30,100.00,0.00,0,,Medium,Moderate,Monitor
ACC00364,Quantum Partners Inc,Education,2023-09-24,97,1,1,0,1.03,true,2024-07-17,Pro,319,2023-07-16,false,true,false,1,true,6,2,4,0,465,93.00,32.17,33.33,16.67,0.00,66.67,false,2024-07-21,2024-09-17,50.00,50.00,319,60.00,Low,At Risk,Consolidate Seats
ACC00365,Cloud Partners,Education,2023-09-11,154,8,7,1,4.55,true,2024-09-29,Pro,324,2022-06-18,true,false,false,1,true,19,8,8,7,2230,117.37,61.11,21.05,15.79,10.53,78.95,false,2024-07-05,2024-09-20,100.00,40.00,324,68.00,Medium,At Risk,Consolidate Seats
ACC00366,Beta Systems,,2022-06-12,138,35,27,8,19.57,true,2024-09-29,Enterprise,1743,2024-01-22,false,true,true,2,true,112,44,49,34,10370,98.76,52.08,19.64,18.75,18.75,68.75,false,2024-07-01,2024-10-01,100.00,40.00,1743,83.00,High,At Risk,Consolidate Seats
ACC00367,Advanced Industries,Technology,2023-12-30,169,7,6,1,3.55,true,2024-09-09,Pro,274,2023-11-17,true,false,false,1,true,29,8,8,9,2732,101.19,55.34,17.24,13.79,20.69,72.41,false,2024-07-01,2024-10-01,100.00,40.00,274,71.00,Medium,At Risk,Consolidate Seats
ACC00368,Smart Group Inc,Retail,2022-03-04,795,1,0,1,0.00,true,,Enterprise,923,2022-03-08,false,false,true,1,true,2,1,1,1,739,369.50,67.00,0.00,0.00,50.00,50.00,false,2024-07-10,2024-09-26,50.00,50.00,923,60.00,Low,At Risk,Consolidate Seats
ACC00370,Cloud Systems,Education,2023-07-17,36,12,9,3,25.00,true,2024-09-16,Basic,130,2024-05-16,false,false,false,0,false,48,13,18,18,4069,90.42,48.96,18.75,18.75,14.58,66.67,false,2024-07-02,2024-09-30,,40.00,65.0,0.00,Medium,At Risk,Consolidate Seats
ACC00371,Tech Works,Finance,2023-07-13,9,6,5,1,55.56,false,2024-09-28,Pro,215,,false,false,false,0,false,16,5,7,3,1903,118.94,35.85,18.75,12.50,25.00,62.50,false,2024-07-01,2024-09-29,,0.00,0,0.00,Medium,Moderate,Monitor
ACC00372,Advanced Dynamics Llc,Retail,2022-05-20,626,4,3,1,0.48,true,2024-09-26,Basic,160,2023-02-14,false,false,false,0,false,13,6,6,4,1665,151.36,54.08,30.77,15.38,15.38,53.85,false,2024-07-05,2024-09-03,,40.00,160,0.00,Medium,At Risk,Consolidate Seats
ACC00373,Advanced Industries Llc,Healthcare,2022-01-08,443,1,1,0,0.23,true,2024-07-14,Pro,437,2022-01-19,true,true,false,2,true,5,1,4,1,1014,253.50,42.80,0.00,0.00,0.00,100.00,true,2024-08-13,2024-09-28,25.00,80.00,437,81.00,Low,Critical,Consolidate Seats
ACC00374,Alpha Enterprises Inc,,2024-01-18,969,29,18,11,1.86,true,2024-09-27,Enterprise,813,2023-05-12,true,false,true,2,true,77,28,22,31,6793,90.57,53.23,25.97,15.58,16.88,68.83,false,2024-07-02,2024-09-30,100.00,40.00,813,85.00,High,At Risk,Consolidate Seats
ACC00376,Quantum Enterprises,Technology,2023-09-04,778,6,2,4,0.26,true,2024-07-31,Pro,308,2023-06-15,true,false,false,1,true,18,7,7,7,1544,90.82,58.29,5.56,5.56,27.78,66.67,false,2024-07-01,2024-09-26,100.00,40.00,308,73.00,Medium,At Risk,Consolidate Seats
ACC00377,Alpha Solutions,Healthcare,2024-05-21,122,1,0,1,0.00,true,,Pro,1318,2024-01-27,true,true,true,3,true,2,1,1,1,15,15.00,55.00,50.00,50.00,50.00,50.00,false,2024-07-19,2024-09-13,100.00,40.00,1318,52.00,Low,At Risk,Consolidate Seats
ACC00378,Alpha Dynamics,Healthcare,2023-12-19,34,4,2,2,5.88,true,2024-07-28,Enterprise,1517,2023-12-06,false,true,true,2,true,16,5,6,7,1577,98.56,53.63,18.75,25.00,31.25,56.25,false,2024-07-01,2024-09-28,100.00,40.00,1517,56.00,Medium,At Risk,Consolidate Seats
ACC00379,Innovative Industries,Finance,2023-03-27,37,4,1,3,2.70,true,2024-09-15,Enterprise,2011,2022-01-09,false,true,true,2,true,10,4,2,6,1009,112.11,64.56,40.00,40.00,40.00,40.00,false,2024-07-03,2024-09-25,100.00,40.00,2011,45.00,Medium,At Risk,Consolidate Seats
ACC00380,Global Solutions Inc,Manufacturing,2023-12-01,88,3,3,0,3.41,true,2024-09-29,Basic,138,2022-02-10,false,false,false,0,false,5,3,2,2,603,120.60,27.20,20.00,20.00,20.00,60.00,false,2024-07-07,2024-08-15,,40.00,138,0.00,Low,At Risk,Consolidate Seats
ACC00381,Premier Group,Finance,2023-03-19,480,1,1,0,0.21,true,2024-09-08,Pro,376,2023-09-26,true,false,false,1,true,1,1,1,0,63,63.00,82.00,0.00,0.00,0.00,100.00,true,2024-08-01,2024-08-01,0.00,80.00,376,80.00,Low,Critical,Consolidate Seats
ACC00382,Beta Industries Llc,Healthcare,2023-11-25,,1,0,1,,false,,No Active Plan,498,2022-02-01,false,false,false,0,false,1,1,0,1,60,60.00,0.00,0.00,0.00,0.00,100.00,true,2024-09-21,2024-09-21,,30.00,498,0.00,Low,At Risk,Monitor
ACC00384,Beta Systems,Manufacturing,2022-07-09,460,29,20,9,4.35,true,2024-10-01,Enterprise,1645,2022-03-11,true,true,true,3,true,68,31,25,23,6847,108.68,51.25,29.41,16.18,26.47,58.82,false,2024-07-02,2024-10-01,100.00,40.00,1645,83.00,High,At Risk,Consolidate Seats
ACC00386,Global Partners,Technology,2024-02-27,309,1,1,0,0.32,true,2024-09-12,Basic,175,2023-10-01,false,false,false,0,false,3,1,1,2,584,194.67,59.00,0.00,0.00,0.00,100.00,true,2024-07-11,2024-09-07,,70.00,175,0.00,Low,Critical,Consolidate Seats
ACC00387,Global Systems,Healthcare,2022-01-01,473,1,0,1,0.00,true,,No Active Plan,,,false,false,false,0,false,2,1,0,1,121,60.50,76.00,0.00,0.00,0.00,100.00,true,2024-07-15,2024-07-16,,70.00,,0.00,Low,Critical,Consolidate Seats
ACC00388,Tech Ventures,Technology,2022-01-04,999,23,19,4,1.90,true,2024-09-27,Pro,398,2023-03-07,true,true,false,2,true,74,29,35,18,6554,89.78,48.37,17.57,25.68,24.32,59.46,false,2024-07-01,2024-09-30,100.00,50.00,398,84.00,High,At Risk,Consolidate Seats
ACC00389,Cloud Enterprises,Technology,2024-05-23,30,4,1,3,3.33,true,2024-07-19,Enterprise,1639,2024-01-31,true,true,false,2,true,9,5,4,4,927,103.00,45.56,11.11,11.11,11.11,88.89,false,2024-07-11,2024-09-28,100.00,50.00,1639,64.00,Low,At Risk,Consolidate Seats
ACC00390,Nextgen Solutions,Technology,2023-01-03,649,2,2,0,0.31,true,2024-08-20,Basic,178,2022-01-08,false,false,false,0,false,6,2,2,1,531,106.20,47.83,33.33,33.33,0.00,66.67,false,2024-07-10,2024-09-13,,40.00,178,0.00,Low,At Risk,Consolidate Seats
ACC00391,Quantum Industries Inc,Retail,2022-01-17,,33,19,14,,false,2024-09-15,Pro,1403,2023-07-17,false,true,true,2,true,95,30,37,24,11126,119.63,48.28,17.89,21.05,24.21,63.16,false,2024-07-01,2024-10-01,100.00,10.00,0,,High,Moderate,Monitor
ACC00392,Nextgen Partners,Education,2022-02-07,55,11,7,4,12.73,true,2024-09-21,Enterprise,796,,true,true,false,2,true,20,9,9,5,1797,89.85,53.42,10.00,20.00,25.00,65.00,false,2024-07-11,2024-10-01,100.00,40.00,796,59.00,Medium,At Risk,Consolidate Seats
ACC00394,Digital Group Llc,,2022-05-21,419,1,1,0,0.24,true,2024-08-09,Enterprise,1495,2023-03-25,false,false,true,1,true,3,1,2,0,255,85.00,63.00,0.00,33.33,0.00,66.67,false,2024-07-03,2024-08-16,25.00,40.00,1495,70.00,Low,At Risk,Consolidate Seats
ACC00395,Global Labs Inc,Manufacturing,,848,27,19,8,2.24,true,2024-09-26,Enterprise,1459,2022-03-06,false,false,true,1,true,75,27,35,21,7716,111.83,52.03,14.67,18.67,10.67,70.67,false,2024-07-01,2024-10-01,100.00,40.00,1459,85.00,High,At Risk,Consolidate Seats
ACC00397,Innovative Industries,Technology,2024-03-12,193,1,1,0,0.52,true,2024-09-18,Enterprise,1000,2023-08-01,false,true,true,2,true,4,1,1,2,455,113.75,53.50,25.00,50.00,25.00,50.00,false,2024-07-06,2024-09-28,100.00,40.00,1000,59.00,Low,At Risk,Consolidate Seats
ACC00398,Global Industries Llc,,2022-02-24,902,1,1,0,0.11,true,2024-07-24,Basic,167,2022-02-20,false,false,false,0,false,1,1,0,1,104,104.00,13.00,0.00,0.00,0.00,100.00,true,2024-07-06,2024-07-06,,70.00,167,0.00,Low,Critical,Consolidate Seats
ACC00399,Innovative Solutions Inc,Retail,,381,3,2,1,0.52,true,2024-07-27,Enterprise,1094,2023-06-19,false,true,true,2,true,8,3,1,5,1045,130.63,67.25,25.00,12.50,37.50,62.50,false,2024-07-17,2024-09-22,100.00,40.00,1094,71.00,Low,At Risk,Consolidate Seats
